Date,AwayTeam,AwayJersey,HomeTeam,HomeJersey
3/25/26,NYY,Road gray Starr ad patch,SFG,Home cream Airwallex ad patch
3/26/26,MIN,Road gray Securian Financial ad patch,BAL,Home white T. Rowe Price ad patch
3/26/26,WSN,Road gray AARP ad patch,CHC,Home white 150th season patch Motorola ad patch
3/26/26,BOS,Road gray MassMutual ad patch,CIN,Home white Kroger ad patch
3/26/26,LAA,Road red FBM ad patch,HOU,Home white Oxy ad patch
3/26/26,ARI,Road gray black hat Avnet ad patch,LAD,Home white Championship Guggenheim ad patch
3/26/26,CHW,Road black CME Group ad patch,MIL,Home cream Northwestern Mutual ad patch
3/26/26,PIT,Road black Sheetz ad patch,NYM,Home white Davey Johnson DAVEY memorial patch New York-Presbyterian ad patch
3/26/26,TEX,Road royal Energy Transfer ad patch,PHI,Home white 2026 All Star Game patch IBX ad patch
3/26/26,DET,Road gray Meijer ad patch,SDP,Home white Randy Jones 35 memorial patch Motorola ad patch
3/26/26,CLE,Road gray Marathon ad patch,SEA,Home white 50th season patch Nintendo ad patch
3/26/26,TBR,Road navy Webull ad patch,STL,Home white Stifel ad patch
3/27/26,KCR,Road gray QuikTrip ad patch,ATL,Home white Quikrete ad patch
3/27/26,LAA,Road gray FBM ad patch,HOU,Home orange Oxy ad patch
3/27/26,ARI,Road gray black hat Avnet ad patch,LAD,Home white Championship Guggenheim ad patch
3/27/26,COL,Road purple York Space Systems ad patch,MIA,Home white ADT ad patch
3/27/26,DET,Road gray Meijer ad patch,SDP,Home white Randy Jones 35 memorial patch Motorola ad patch
3/27/26,CLE,Road gray Marathon ad patch,SEA,City Connect 50th season patch Nintendo ad patch
3/27/26,NYY,Road gray Starr ad patch,SFG,Home cream Airwallex ad patch
3/27/26,ATH,Road gray 125th season patch Las Vegas ad patch,TOR,Home white throwback hat 50th season patch TD ad patch
3/28/26,KCR,Road gray QuikTrip ad patch,ATL,Home white Quikrete ad patch
3/28/26,MIN,Road gray Securian Financial ad patch,BAL,Home black T. Rowe Price ad patch
3/28/26,WSN,Road gray AARP ad patch,CHC,Home white 150th season patch Motorola ad patch
3/28/26,BOS,Road gray MassMutual ad patch,CIN,Home red Kroger ad patch
3/28/26,LAA,Road red FBM ad patch,HOU,Home white Oxy ad patch
3/28/26,ARI,Road black Avnet ad patch,LAD,Home white Championship Guggenheim ad patch
3/28/26,COL,Road gray York Space Systems ad patch,MIA,City Connect ADT ad patch
3/28/26,CHW,Road gray CME Group ad patch,MIL,Home pinstripes Northwestern Mutual ad patch
3/28/26,PIT,Road gray Sheetz ad patch,NYM,City Connect Davey Johnson DAVEY memorial patch New York-Presbyterian ad patch
3/28/26,TEX,Road gray Energy Transfer ad patch,PHI,Home cream 2026 All Star Game patch IBX ad patch
3/28/26,DET,Road navy Meijer ad patch,SDP,Home white Randy Jones 35 memorial patch Motorola ad patch
3/28/26,CLE,Road navy Marathon ad patch,SEA,Home white 50th season patch Nintendo ad patch
3/28/26,NYY,Road gray Starr ad patch,SFG,Home black Airwallex ad patch
3/28/26,TBR,Road navy Webull ad patch,STL,Home cream Stifel ad patch
3/28/26,ATH,Road gray 125th season patch Las Vegas ad patch,TOR,Home white throwback hat 50th season patch TD ad patch
3/29/26,KCR,Road royal QuikTrip ad patch,ATL,Home white Quikrete ad patch
3/29/26,MIN,Road gray Securian Financial ad patch,BAL,Home white T. Rowe Price ad patch
3/29/26,WSN,Road gray AARP ad patch,CHC,Home white 150th season patch Motorola ad patch
3/29/26,BOS,Road gray MassMutual ad patch,CIN,Home white Kroger ad patch
3/29/26,LAA,Road red FBM ad patch,HOU,Home white Oxy ad patch
3/29/26,COL,Road gray York Space Systems ad patch,MIA,Home throwback ADT ad patch
3/29/26,CHW,Road black CME Group ad patch,MIL,Home pinstripes Northwestern Mutual ad patch
3/29/26,PIT,Road black Sheetz ad patch,NYM,Home white Davey Johnson DAVEY memorial patch New York-Presbyterian ad patch
3/29/26,TEX,Road gray Energy Transfer ad patch,PHI,Home cream 2026 All Star Game patch IBX ad patch
3/29/26,CLE,Road gray Marathon ad patch,SEA,Home cream Steelheads 50th season patch Nintendo ad patch
3/29/26,TBR,Road navy Webull ad patch,STL,Home white Sunday hat Stifel ad patch
3/29/26,ATH,Road gray 125th season patch Las Vegas ad patch,TOR,Home white throwback hat 50th season patch TD ad patch
3/30/26,DET,Road gray Meijer ad patch,ARI,Home cream Avnet ad patch
3/30/26,ATH,Road gray 125th season patch Las Vegas ad patch,ATL,Home white Quikrete ad patch
3/30/26,TEX,Road gray Energy Transfer ad patch,BAL,Home white T. Rowe Price ad patch
3/30/26,LAA,Road red FBM ad patch,CHC,Home white 150th season patch Motorola ad patch
3/30/26,PIT,Road gray Sheetz ad patch,CIN,Home white Kroger ad patch
3/30/26,BOS,Road gray MassMutual ad patch,HOU,City Connect Oxy ad patch
3/30/26,MIN,Road gray Securian Financial ad patch,KCR,Home white QuikTrip ad patch
3/30/26,CLE,Road navy Marathon ad patch,LAD,Home white Guggenheim ad patch
3/30/26,CHW,Road black CME Group ad patch,MIA,Home white ADT ad patch
3/30/26,TBR,Road navy Webull ad patch,MIL,Home cream Northwestern Mutual ad patch
3/30/26,WSN,Road gray AARP ad patch,PHI,Home white 2026 All Star Game patch IBX ad patch
3/30/26,SFG,Road gray Airwallex ad patch,SDP,Home white Randy Jones 35 memorial patch Motorola ad patch
3/30/26,NYY,Road gray Starr ad patch,SEA,Home white 50th season patch Nintendo ad patch
3/30/26,NYM,Road gray Davey Johnson DAVEY memorial patch New York-Presbyterian ad patch,STL,Home white Stifel ad patch
3/30/26,COL,Road purple York Space Systems ad patch,TOR,Home white throwback hat 50th season patch TD ad patch
3/31/26,DET,Road gray Meijer ad patch,ARI,Home cream Avnet ad patch
3/31/26,ATH,Road gray 125th season patch Las Vegas ad patch,ATL,Home white Quikrete ad patch
3/31/26,TEX,Road gray Energy Transfer ad patch,BAL,Home black B hat T. Rowe Price ad patch
3/31/26,LAA,Road red FBM ad patch,CHC,Home white 150th season patch Motorola ad patch
3/31/26,PIT,Road gray Sheetz ad patch,CIN,Home white Kroger ad patch
3/31/26,BOS,Road gray MassMutual ad patch,HOU,Home white Oxy ad patch
3/31/26,CLE,Road navy Marathon ad patch,LAD,Home white Guggenheim ad patch
3/31/26,CHW,Road black CME Group ad patch,MIA,Home white ADT ad patch
3/31/26,TBR,Road navy Webull ad patch,MIL,Home cream Northwestern Mutual ad patch
3/31/26,WSN,Road gray AARP ad patch,PHI,Home white 2026 All Star Game patch IBX ad patch
3/31/26,SFG,Road gray Airwallex ad patch,SDP,Home white Randy Jones 35 memorial patch Motorola ad patch
3/31/26,NYY,Road gray Starr ad patch,SEA,Home white 50th season patch Nintendo ad patch
3/31/26,NYM,Road royal Davey Johnson DAVEY memorial patch New York-Presbyterian ad patch,STL,Home white Stifel ad patch
3/31/26,COL,Road purple York Space Systems ad patch,TOR,Home powder 50th season patch TD ad patch
4/1/26,DET,Road navy Meijer ad patch,ARI,Home red Avnet ad patch
4/1/26,ATH,Road gray 125th season patch Las Vegas ad patch,ATL,Home white Quikrete ad patch
4/1/26,TEX,Road royal Energy Transfer ad patch,BAL,Home white T. Rowe Price ad patch
4/1/26,LAA,Road red FBM ad patch,CHC,Home white 150th season patch Motorola ad patch
4/1/26,PIT,Road black Sheetz ad patch,CIN,Home white Kroger ad patch
4/1/26,BOS,Road gray MassMutual ad patch,HOU,Home white Oxy ad patch
4/1/26,MIN,Road gray Securian Financial ad patch,KCR,Home white QuikTrip ad patch
4/1/26,CLE,Road navy Marathon ad patch,LAD,Home white Guggenheim ad patch
4/1/26,CHW,Road black CME Group ad patch,MIA,Home white ADT ad patch
4/1/26,TBR,Road navy Webull ad patch,MIL,Home cream Northwestern Mutual ad patch
4/1/26,WSN,Road gray AARP ad patch,PHI,Home cream 2026 All Star Game patch IBX ad patch
4/1/26,SFG,Road gray Airwallex ad patch,SDP,Home white Randy Jones 35 memorial patch Motorola ad patch
4/1/26,NYY,Road gray Starr ad patch,SEA,Home white 50th season patch Nintendo ad patch
4/1/26,NYM,Road gray Davey Johnson DAVEY memorial patch New York-Presbyterian ad patch,STL,Home white Stifel ad patch
4/1/26,COL,Road purple York Space Systems ad patch,TOR,Home powder 50th season patch TD ad patch
4/2/26,ATL,Road gray Quikrete ad patch,ARI,Home cream Avnet ad patch
4/2/26,TOR,Postponed - 4/3/26,CHW,Postponed - 4/3/26
4/2/26,MIN,Road navy Securian Financial ad patch,KCR,Home powder white pants QuikTrip ad patch
4/2/26,NYM,Road gray Davey Johnson DAVEY memorial patch New York-Presbyterian ad patch,SFG,Home cream Airwallex ad patch
4/3/26,ATL,Road gray Quikrete ad patch,ARI,City Connect Avnet ad patch
4/3/26,HOU,Road gray orange bill hat Oxy ad patch,ATH,Home white 125th season patch Las Vegas ad patch
4/3/26,SDP,Road sand Randy Jones 35 memorial patch Motorola ad patch,BOS,Home white MassMutual ad patch
4/3/26,TOR,Road gray 50th season patch TD ad patch,CHW,Home white CME Group ad patch
4/3/26,CHC,Road gray 150th season patch Motorola ad patch,CLE,Home white Marathon ad patch
4/3/26,PHI,Road gray 2026 All Star Game patch IBX ad patch,COL,Home white York Space Systems ad patch
4/3/26,STL,Road gray Stifel ad patch,DET,Home white Meijer ad patch
4/3/26,MIL,Postponed - 4/4/26,KCR,Postponed - 4/4/26
4/3/26,SEA,Road navy 50th season patch Nintendo ad patch,LAA,Home white FBM ad patch
4/3/26,TBR,Road navy Webull ad patch,MIN,Home white Securian Financial ad patch
4/3/26,MIA,Road black ADT ad patch,NYY,Home white Starr ad patch
4/3/26,BAL,Road gray T. Rowe Price ad patch,PIT,Home white Bill Mazeroski 9 memorial patch Sheetz ad patch
4/3/26,NYM,Road gray Davey Johnson DAVEY memorial patch New York-Presbyterian ad patch,SFG,Home orange Airwallex ad patch
4/3/26,CIN,Road gray Kroger ad patch,TEX,Home white blue hat Energy Transfer ad patch
4/3/26,LAD,Road royal Guggenheim ad patch,WSN,Home white AARP ad patch
4/4/26,ATL,Road gray Quikrete ad patch,ARI,Home black Avnet ad patch
4/4/26,HOU,Road gray Oxy ad patch,ATH,Home yellow 125th season patch Las Vegas ad patch
4/4/26,SDP,Road brown Randy Jones 35 memorial patch Motorola ad patch,BOS,Home white MassMutual ad patch
4/4/26,TOR,Road royal 50th season patch TD ad patch,CHW,Home white CME Group ad patch
4/4/26,CHC,Postponed - 4/5/26,CLE,Postponed - 4/5/26
4/4/26,PHI,Road gray 2026 All Star Game patch IBX ad patch,COL,Home white York Space Systems ad patch
4/4/26,STL,Road powder Stifel ad patch,DET,Home white Meijer ad patch
4/4/26,MIL,Road navy Northwestern Mutual ad patch,KCR,Home powder blue pants QuikTrip ad patch
4/4/26,MIL,Road powder Northwestern Mutual ad patch,KCR,Home white QuikTrip ad patch
4/4/26,SEA,Road navy 50th season patch Nintendo ad patch,LAA,Home white FBM ad patch
4/4/26,TBR,Road navy Webull ad patch,MIN,Home cream Securian Financial ad patch
4/4/26,MIA,Road black ADT ad patch,NYY,Home white Starr ad patch
4/4/26,BAL,Road gray T. Rowe Price ad patch,PIT,Home white Bill Mazeroski 9 memorial patch Sheetz ad patch
4/4/26,NYM,Road gray Davey Johnson DAVEY memorial patch New York-Presbyterian ad patch,SFG,Home black Airwallex ad patch
4/4/26,CIN,Road gray Kroger ad patch,TEX,Home white blue hat Energy Transfer ad patch
4/4/26,LAD,Road gray Dodgers Guggenheim ad patch,WSN,City Connect AARP ad patch
4/5/26,ATL,Road navy Quikrete ad patch,ARI,Home red Avnet ad patch
4/5/26,HOU,Road gray Oxy ad patch,ATH,Home white 125th season patch Las Vegas ad patch
4/5/26,SDP,Road sand Randy Jones 35 memorial patch Motorola ad patch,BOS,Home white MassMutual ad patch
4/5/26,TOR,Road royal 50th season patch TD ad patch,CHW,Home white CME Group ad patch
4/5/26,CHC,Road gray 150th season patch Motorola ad patch,CLE,Home white Marathon ad patch
4/5/26,CHC,Road royal 150th season patch Motorola ad patch,CLE,Home red Marathon ad patch
4/5/26,PHI,Road gray 2026 All Star Game patch IBX ad patch,COL,Home purple York Space Systems ad patch
4/5/26,STL,Road gray Stifel ad patch,DET,Home white Meijer ad patch
4/5/26,MIL,Road navy Northwestern Mutual ad patch,KCR,Home royal QuikTrip ad patch
4/5/26,SEA,Road navy 50th season patch Nintendo ad patch,LAA,Home white FBM ad patch
4/5/26,TBR,Road navy Webull ad patch,MIN,Home white Securian Financial ad patch
4/5/26,MIA,Road gray ADT ad patch,NYY,Home white Starr ad patch
4/5/26,BAL,Road black T. Rowe Price ad patch,PIT,Home white Bill Mazeroski 9 memorial patch Sheetz ad patch
4/5/26,NYM,Road gray Davey Johnson DAVEY memorial patch New York-Presbyterian ad patch,SFG,Home cream Airwallex ad patch
4/5/26,CIN,Road gray Kroger ad patch,TEX,Home powder Energy Transfer ad patch
4/5/26,LAD,Road gray Dodgers Guggenheim ad patch,WSN,Home red AARP ad patch
4/6/26,MIL,Road navy Northwestern Mutual ad patch,BOS,Home white MassMutual ad patch
4/6/26,BAL,Road gray T. Rowe Price ad patch,CHW,Home white CME Group ad patch
4/6/26,KCR,Road gray QuikTrip ad patch,CLE,Home red Marathon ad patch
4/6/26,HOU,Road gray Oxy ad patch,COL,Home purple York Space Systems ad patch
4/6/26,ATL,Road gray Quikrete ad patch,LAA,Home white FBM ad patch
4/6/26,CIN,Road gray Kroger ad patch,MIA,Home white ADT ad patch
4/6/26,DET,Road gray Meijer ad patch,MIN,Home white Securian Financial ad patch
4/6/26,SDP,Road sand Randy Jones 35 memorial patch Motorola ad patch,PIT,Home white military hat Bill Mazeroski 9 memorial patch Sheetz ad patch
4/6/26,PHI,Road gray 2026 All Star Game patch IBX ad patch,SFG,Home cream Airwallex ad patch
4/6/26,CHC,Road gray 150th season patch Motorola ad patch,TBR,Home white Webull ad patch
4/6/26,SEA,Road navy 50th season patch Nintendo ad patch,TEX,Home white blue hat Energy Transfer ad patch
4/6/26,LAD,Road royal Guggenheim ad patch,TOR,Home white throwback hat 50th season patch TD ad patch
4/6/26,STL,Road gray Stifel ad patch,WSN,Home white AARP ad patch
4/7/26,MIL,Road navy Northwestern Mutual ad patch,BOS,Home white MassMutual ad patch
4/7/26,BAL,Road gray T. Rowe Price ad patch,CHW,Home white CME Group ad patch
4/7/26,KCR,Road gray QuikTrip ad patch,CLE,Home red Marathon ad patch
4/7/26,HOU,Road gray Oxy ad patch,COL,Home purple York Space Systems ad patch
4/7/26,ATL,Road gray Quikrete ad patch,LAA,Home white FBM ad patch
4/7/26,CIN,Road gray Kroger ad patch,MIA,Home white ADT ad patch
4/7/26,DET,Road gray Meijer ad patch,MIN,Home cream Securian Financial ad patch
4/7/26,ARI,Road gray black hat Avnet ad patch,NYM,Home white Davey Johnson DAVEY memorial patch New York-Presbyterian ad patch
4/7/26,ATH,Road gray 125th season patch Las Vegas ad patch,NYY,Home white Starr ad patch
4/7/26,SDP,Road sand Randy Jones 35 memorial patch Motorola ad patch,PIT,Home black Pittsburgh Bill Mazeroski 9 memorial patch Sheetz ad patch
4/7/26,PHI,Road gray 2026 All Star Game patch IBX ad patch,SFG,City Connect Airwallex ad patch
4/7/26,CHC,Road royal 150th season patch Motorola ad patch,TBR,Home white Webull ad patch
4/7/26,SEA,Road navy 50th season patch Nintendo ad patch,TEX,Home white blue hat Energy Transfer ad patch
4/7/26,LAD,Road gray Dodgers Guggenheim ad patch,TOR,Home royal 50th season patch TD ad patch
4/7/26,STL,Road gray Stifel ad patch,WSN,Home white AARP ad patch
4/8/26,MIL,Road powder Northwestern Mutual ad patch,BOS,Home white MassMutual ad patch
4/8/26,BAL,Road gray T. Rowe Price ad patch,CHW,Home white CME Group ad patch
4/8/26,KCR,Road royal QuikTrip ad patch,CLE,Home red Marathon ad patch
4/8/26,HOU,Road orange Oxy ad patch,COL,Home purple York Space Systems ad patch
4/8/26,ATL,Road gray Quikrete ad patch,LAA,Home white FBM ad patch
4/8/26,CIN,Road gray Kroger ad patch,MIA,Home white ADT ad patch
4/8/26,DET,Road gray Meijer ad patch,MIN,Home white Securian Financial ad patch
4/8/26,ARI,Road black Avnet ad patch,NYM,Home white Davey Johnson DAVEY memorial patch New York-Presbyterian ad patch
4/8/26,ATH,Road gray 125th season patch Las Vegas ad patch,NYY,Home white Starr ad patch
4/8/26,SDP,Road brown Randy Jones 35 memorial patch Motorola ad patch,PIT,Home white Bill Mazeroski 9 memorial patch Sheetz ad patch
4/8/26,PHI,Road gray 2026 All Star Game patch IBX ad patch,SFG,Home cream Airwallex ad patch
4/8/26,CHC,Road royal 150th season patch Motorola ad patch,TBR,Home white Webull ad patch
4/8/26,SEA,Road teal 50th season patch Nintendo ad patch,TEX,Home white blue hat Energy Transfer ad patch
4/8/26,LAD,Road gray Dodgers Guggenheim ad patch,TOR,Home powder 50th season patch TD ad patch
4/8/26,STL,Road gray Stifel ad patch,WSN,Home white AARP ad patch
4/9/26,CHW,Road gray CME Group ad patch,KCR,Home white QuikTrip ad patch
4/9/26,CIN,Road gray Kroger ad patch,MIA,Home white ADT ad patch
4/9/26,DET,Road navy Meijer ad patch,MIN,Home white Securian Financial ad patch
4/9/26,ARI,Road black Avnet ad patch,NYM,Home white Davey Johnson DAVEY memorial patch New York-Presbyterian ad patch
4/9/26,ATH,Road gray 125th season patch Las Vegas ad patch,NYY,Home white Starr ad patch
4/9/26,COL,Road purple York Space Systems ad patch,SDP,Home white Randy Jones 35 memorial patch Motorola ad patch
4/10/26,CLE,Road gray Marathon ad patch,ATL,City Connect Quikrete ad patch
4/10/26,SFG,Road gray Airwallex ad patch,BAL,City Connect T. Rowe Price ad patch
4/10/26,PIT,Road black Bill Mazeroski 9 memorial patch Sheetz ad patch,CHC,Home powder 150th season patch Motorola ad patch
4/10/26,LAA,Road red FBM ad patch,CIN,Home black Kroger ad patch
4/10/26,MIA,Road black ADT ad patch,DET,Home orange Meijer ad patch
4/10/26,CHW,Road gray CME Group ad patch,KCR,City Connect QuikTrip ad patch
4/10/26,TEX,Road gray Energy Transfer ad patch,LAD,Home white Guggenheim ad patch
4/10/26,WSN,Road gray AARP ad patch,MIL,City Connect Northwestern Mutual ad patch
4/10/26,ATH,Road gray 125th season patch Las Vegas ad patch,NYM,Home black Davey Johnson DAVEY memorial patch New York-Presbyterian ad patch
4/10/26,ARI,Road gray black hat Avnet ad patch,PHI,City Connect IBX ad patch
4/10/26,COL,Road gray York Space Systems ad patch,SDP,City Connect Motorola ad patch
4/10/26,HOU,Road gray Oxy ad patch,SEA,City Connect 50th season patch Nintendo ad patch
4/10/26,BOS,Road gray MassMutual ad patch,STL,City Connect Stifel ad patch
4/10/26,NYY,Road gray Starr ad patch,TBR,Home throwback Webull ad patch
4/10/26,MIN,Road gray Securian Financial ad patch,TOR,City Connect TD ad patch
4/11/26,CLE,Road navy Marathon ad patch,ATL,City Connect Quikrete ad patch
4/11/26,SFG,Road gray Airwallex ad patch,BAL,Home black B hat T. Rowe Price ad patch
4/11/26,PIT,Road gray Bill Mazeroski 9 memorial patch Sheetz ad patch,CHC,Home white 150th season patch Motorola ad patch
4/11/26,LAA,Road gray FBM ad patch,CIN,City Connect Kroger ad patch
4/11/26,MIA,Road black ADT ad patch,DET,Home white Meijer ad patch
4/11/26,CHW,Road gray CME Group ad patch,KCR,City Connect QuikTrip ad patch
4/11/26,TEX,Road gray Energy Transfer ad patch,LAD,City Connect Guggenheim ad patch
4/11/26,WSN,Road gray AARP ad patch,MIL,City Connect Northwestern Mutual ad patch
4/11/26,ATH,Road gray 125th season patch Las Vegas ad patch,NYM,City Connect Davey Johnson DAVEY memorial patch New York-Presbyterian ad patch
4/11/26,ARI,Road black Avnet ad patch,PHI,Home cream 2026 All Star Game patch IBX ad patch
4/11/26,COL,Road purple York Space Systems ad patch,SDP,Home white Randy Jones 35 memorial patch Motorola ad patch
4/11/26,HOU,Road gray Oxy ad patch,SEA,Home white 50th season patch Nintendo ad patch
4/11/26,BOS,Road red MassMutual ad patch,STL,Home cream Stifel ad patch
4/11/26,NYY,Road gray Starr ad patch,TBR,City Connect Webull ad patch
4/11/26,MIN,Road gray Securian Financial ad patch,TOR,Home powder 50th season patch TD ad patch
4/12/26,CLE,Road navy Marathon ad patch,ATL,City Connect Quikrete ad patch
4/12/26,SFG,Road gray Airwallex ad patch,BAL,Home white T. Rowe Price ad patch
4/12/26,PIT,Road gray Bill Mazeroski 9 memorial patch Sheetz ad patch,CHC,Home white 150th season patch Motorola ad patch
4/12/26,LAA,Road red FBM ad patch,CIN,Home white Kroger ad patch
4/12/26,MIA,Road gray ADT ad patch,DET,Home white Meijer ad patch
4/12/26,CHW,Road black CME Group ad patch,KCR,City Connect QuikTrip ad patch
4/12/26,TEX,Road gray Energy Transfer ad patch,LAD,Home white Guggenheim ad patch
4/12/26,WSN,Road gray AARP ad patch,MIL,City Connect Northwestern Mutual ad patch
4/12/26,ATH,Road gray 125th season patch Las Vegas ad patch,NYM,Home white Davey Johnson DAVEY memorial patch New York-Presbyterian ad patch
4/12/26,ARI,Road red Avnet ad patch,PHI,Home cream 2026 All Star Game patch IBX ad patch
4/12/26,COL,Road purple York Space Systems ad patch,SDP,Camo brown Randy Jones 35 memorial patch Motorola ad patch
4/12/26,HOU,Road gray Oxy ad patch,SEA,Home cream Steelheads 50th season patch Nintendo ad patch
4/12/26,BOS,Road red MassMutual ad patch,STL,Home white Sunday hat Stifel ad patch
4/12/26,NYY,Road gray Starr ad patch,TBR,Home white Webull ad patch
4/12/26,MIN,Road gray Securian Financial ad patch,TOR,Home royal throwback hat 50th season patch TD ad patch
4/13/26,TEX,Road royal Energy Transfer ad patch,ATH,Home white 125th season patch Las Vegas ad patch
4/13/26,MIA,Road gray ADT ad patch,ATL,Home white Quikrete ad patch
4/13/26,ARI,Road red Avnet ad patch,BAL,Home black T. Rowe Price ad patch
4/13/26,NYM,Road gray Davey Johnson DAVEY memorial patch New York-Presbyterian ad patch,LAD,Home white Guggenheim ad patch
4/13/26,BOS,Road red MassMutual ad patch,MIN,Home white Securian Financial ad patch
4/13/26,LAA,Road red FBM ad patch,NYY,Home white Starr ad patch
4/13/26,CHC,Road royal 150th season patch Motorola ad patch,PHI,Home white 2026 All Star Game patch IBX ad patch
4/13/26,WSN,Road gray AARP ad patch,PIT,Home black Pittsburgh Bill Mazeroski 9 memorial patch Sheetz ad patch
4/13/26,HOU,Road gray Oxy ad patch,SEA,Home white 50th season patch Nintendo ad patch
4/13/26,CLE,Road gray Marathon ad patch,STL,Home white Stifel ad patch
4/14/26,TEX,Road gray Energy Transfer ad patch,ATH,Home white 125th season patch Las Vegas ad patch
4/14/26,MIA,Road gray ADT ad patch,ATL,Home white Quikrete ad patch
4/14/26,ARI,Road black Avnet ad patch,BAL,Home white T. Rowe Price ad patch
4/14/26,TBR,Road navy Webull ad patch,CHW,Home white CME Group ad patch
4/14/26,SFG,Road gray Airwallex ad patch,CIN,Home red Kroger ad patch
4/14/26,KCR,Road gray QuikTrip ad patch,DET,Home white Meijer ad patch
4/14/26,COL,Road gray York Space Systems ad patch,HOU,Home white Oxy ad patch
4/14/26,NYM,Road gray Davey Johnson DAVEY memorial patch New York-Presbyterian ad patch,LAD,Home white Guggenheim ad patch
4/14/26,TOR,Road powder 50th season patch TD ad patch,MIL,Home cream Northwestern Mutual ad patch
4/14/26,BOS,Road red MassMutual ad patch,MIN,Home white Securian Financial ad patch
4/14/26,LAA,Road red FBM ad patch,NYY,Home white Starr ad patch
4/14/26,CHC,Road gray 150th season patch Motorola ad patch,PHI,Home white 2026 All Star Game patch IBX ad patch
4/14/26,WSN,Road navy AARP ad patch,PIT,Home white Bill Mazeroski 9 memorial patch Sheetz ad patch
4/14/26,SEA,Road navy 50th season patch Nintendo ad patch,SDP,Home white Randy Jones 35 memorial patch Motorola ad patch
4/14/26,CLE,Road gray Marathon ad patch,STL,Home white Stifel ad patch
4/15/26,TEX,Road gray Jackie Robinson Day Energy Transfer ad patch,ATH,Home white Jackie Robinson Day Las Vegas ad patch
4/15/26,MIA,Road gray Jackie Robinson Day ADT ad patch,ATL,Home white Jackie Robinson Day Quikrete ad patch
4/15/26,ARI,Road gray Jackie Robinson Day Avnet ad patch,BAL,Home white Jackie Robinson Day T. Rowe Price ad patch
4/15/26,TBR,Road powder Jackie Robinson Day Webull ad patch,CHW,Home white Jackie Robinson Day CME Group ad patch
4/15/26,SFG,Road gray Jackie Robinson Day Airwallex ad patch,CIN,Home white Jackie Robinson Day Kroger ad patch
4/15/26,KCR,Road gray Jackie Robinson Day QuikTrip ad patch,DET,Home white Jackie Robinson Day Meijer ad patch
4/15/26,COL,Road gray Jackie Robinson Day York Space Systems ad patch,HOU,Home white Jackie Robinson Day Oxy ad patch
4/15/26,NYM,Road gray Jackie Robinson Day Davey Johnson DAVEY memorial patch New York-Presbyterian ad patch,LAD,Home white Jackie Robinson Day Guggenheim ad patch
4/15/26,TOR,Road gray Jackie Robinson Day 50th season patch TD ad patch,MIL,Home cream Jackie Robinson Day Northwestern Mutual ad patch
4/15/26,BOS,Road gray Jackie Robinson Day MassMutual ad patch,MIN,Home white Jackie Robinson Day Securian Financial ad patch
4/15/26,LAA,Road red Jackie Robinson Day FBM ad patch,NYY,Home white Jackie Robinson Day Starr ad patch
4/15/26,CHC,Road gray Jackie Robinson Day 150th season patch Motorola ad patch,PHI,Home white Jackie Robinson Day 2026 All Star Game patch IBX ad patch
4/15/26,WSN,Road gray Jackie Robinson Day AARP ad patch,PIT,Home white Jackie Robinson Day Sheetz ad patch
4/15/26,SEA,Road teal Jackie Robinson Day 50th season patch Nintendo ad patch,SDP,Home white Randy Jones 35 memorial patch Motorola ad patch
4/15/26,CLE,Road gray Jackie Robinson Day Marathon ad patch,STL,Home white Jackie Robinson Day Stifel ad patch
4/16/26,TEX,Road gray Energy Transfer ad patch,ATH,Home kelly green 125th season patch Las Vegas ad patch
4/16/26,TBR,Road navy Webull ad patch,CHW,Home white CME Group ad patch
4/16/26,SFG,Road gray Airwallex ad patch,CIN,Home white Kroger ad patch
4/16/26,BAL,Road gray T. Rowe Price ad patch,CLE,Home white Marathon ad patch
4/16/26,KCR,Road royal QuikTrip ad patch,DET,Home white Meijer ad patch
4/16/26,COL,Road gray York Space Systems ad patch,HOU,Home white Oxy ad patch
4/16/26,TOR,Road powder 50th season patch TD ad patch,MIL,Home cream Northwestern Mutual ad patch
4/16/26,LAA,Road red FBM ad patch,NYY,Home white Starr ad patch
4/16/26,WSN,Road gray AARP ad patch,PIT,Home black Pittsburgh Bill Mazeroski 9 memorial patch Sheetz ad patch
4/16/26,SEA,Road navy 50th season patch Nintendo ad patch,SDP,Home white Randy Jones 35 memorial patch Motorola ad patch
4/17/26,TOR,Road gray 50th season patch TD ad patch,ARI,City Connect Avnet ad patch
4/17/26,CHW,Road gray CME Group ad patch,ATH,Home white 125th season patch Las Vegas ad patch
4/17/26,DET,Road gray Meijer ad patch,BOS,City Connect MassMutual ad patch
4/17/26,NYM,Road gray Davey Johnson DAVEY memorial patch New York-Presbyterian ad patch,CHC,Home powder 150th season patch Motorola ad patch
4/17/26,BAL,Road gray T. Rowe Price ad patch,CLE,City Connect Marathon ad patch
4/17/26,LAD,Road gray Los Angeles Guggenheim ad patch,COL,City Connect York Space Systems ad patch
4/17/26,STL,Road gray Stifel ad patch,HOU,Home orange Oxy ad patch
4/17/26,SDP,Road brown Randy Jones 35 memorial patch Motorola ad patch,LAA,Home white Garret Anderson GA memorial patch FBM ad patch
4/17/26,MIL,Road powder Northwestern Mutual ad patch,MIA,City Connect ADT ad patch
4/17/26,CIN,Road gray Kroger ad patch,MIN,City Connect Securian Financial ad patch
4/17/26,KCR,Road gray QuikTrip ad patch,NYY,Home white Starr ad patch
4/17/26,ATL,Road gray Quikrete ad patch,PHI,City Connect IBX ad patch
4/17/26,TBR,Road powder Webull ad patch,PIT,City Connect gold hat Bill Mazeroski 9 memorial patch Sheetz ad patch
4/17/26,TEX,Road gray Energy Transfer ad patch,SEA,City Connect 50th season patch Nintendo ad patch
4/17/26,SFG,Road gray Airwallex ad patch,WSN,Home navy AARP ad patch
4/18/26,TOR,Road royal 50th season patch TD ad patch,ARI,Home black Avnet ad patch
4/18/26,CHW,Road gray CME Group ad patch,ATH,Home yellow 125th season patch Las Vegas ad patch
4/18/26,DET,Road gray Meijer ad patch,BOS,Home yellow MassMutual ad patch
4/18/26,NYM,Road royal Davey Johnson DAVEY memorial patch New York-Presbyterian ad patch,CHC,Home white 150th season patch Motorola ad patch
4/18/26,BAL,Road gray T. Rowe Price ad patch,CLE,Home red Marathon ad patch
4/18/26,LAD,Road gray Los Angeles Guggenheim ad patch,COL,Home purple York Space Systems ad patch
4/18/26,STL,Road powder Stifel ad patch,HOU,Home white Oxy ad patch
4/18/26,SDP,Road brown Randy Jones 35 memorial patch Motorola ad patch,LAA,Home white Garret Anderson GA memorial patch FBM ad patch
4/18/26,MIL,Road powder Northwestern Mutual ad patch,MIA,Home white ADT ad patch
4/18/26,CIN,Road gray Kroger ad patch,MIN,Home white Securian Financial ad patch
4/18/26,KCR,Road powder blue pants QuikTrip ad patch,NYY,Home white Starr ad patch
4/18/26,ATL,Road gray Quikrete ad patch,PHI,Home white 2026 All Star Game patch IBX ad patch
4/18/26,TBR,Road powder Webull ad patch,PIT,Home black Pittsburgh Bill Mazeroski 9 memorial patch Sheetz ad patch
4/18/26,TEX,Road royal Energy Transfer ad patch,SEA,Home white 50th season patch Nintendo ad patch
4/18/26,SFG,Road gray Airwallex ad patch,WSN,City Connect AARP ad patch
4/19/26,TOR,Road royal 50th season patch TD ad patch,ARI,Home red Avnet ad patch
4/19/26,CHW,Road black CME Group ad patch,ATH,Home white 125th season patch Las Vegas ad patch
4/19/26,DET,Road gray Meijer ad patch,BOS,Home yellow MassMutual ad patch
4/19/26,NYM,Road gray Davey Johnson DAVEY memorial patch New York-Presbyterian ad patch,CHC,Home white 150th season patch Motorola ad patch
4/19/26,BAL,Road black B hat T. Rowe Price ad patch,CLE,Home red Marathon ad patch
4/19/26,LAD,Road royal Guggenheim ad patch,COL,Home white York Space Systems ad patch
4/19/26,STL,Road gray Stifel ad patch,HOU,Home navy Oxy ad patch
4/19/26,SDP,Road sand Randy Jones 35 memorial patch Motorola ad patch,LAA,Home white Garret Anderson GA memorial patch FBM ad patch
4/19/26,MIL,Road powder Northwestern Mutual ad patch,MIA,Home throwback ADT ad patch
4/19/26,CIN,Road gray Kroger ad patch,MIN,Home cream Securian Financial ad patch
4/19/26,KCR,Road royal QuikTrip ad patch,NYY,Home white Starr ad patch
4/19/26,ATL,Road gray Quikrete ad patch,PHI,Home white 2026 All Star Game patch IBX ad patch
4/19/26,TBR,Road navy Webull ad patch,PIT,Home white Bill Mazeroski 9 memorial patch Sheetz ad patch
4/19/26,TEX,Road royal Energy Transfer ad patch,SEA,Home cream Steelheads 50th season patch Nintendo ad patch
4/19/26,SFG,Road gray Airwallex ad patch,WSN,Home red AARP ad patch
4/20/26,DET,Road navy Meijer ad patch,BOS,Home white Patriot’s Day MassMutual ad patch
4/20/26,PHI,Road gray 2026 All Star Game patch IBX ad patch,CHC,Home white 150th season patch Motorola ad patch
4/20/26,HOU,Road orange Oxy ad patch,CLE,Home white Marathon ad patch
4/20/26,LAD,Road gray Los Angeles Guggenheim ad patch,COL,Home purple York Space Systems ad patch
4/20/26,BAL,Road gray T. Rowe Price ad patch,KCR,Home white QuikTrip ad patch
4/20/26,TOR,Road royal 50th season patch TD ad patch,LAA,Home white Garret Anderson GA memorial patch FBM ad patch
4/20/26,STL,Road gray Stifel ad patch,MIA,Home white ADT ad patch
4/20/26,ATH,Road gray 125th season patch Las Vegas ad patch,SEA,Home white 50th season patch Nintendo ad patch
4/20/26,CIN,Road gray Kroger ad patch,TBR,Home white Webull ad patch
4/20/26,ATL,Road gray Quikrete ad patch,WSN,Home white AARP ad patch
4/21/26,CHW,Road black CME Group ad patch,ARI,Home cream Avnet ad patch
4/21/26,NYY,Road gray Starr ad patch,BOS,Home white MassMutual ad patch
4/21/26,PHI,Road gray 2026 All Star Game patch IBX ad patch,CHC,Home white 150th season patch Motorola ad patch
4/21/26,HOU,Road gray orange bill hat Oxy ad patch,CLE,Home red Marathon ad patch
4/21/26,SDP,Road brown Randy Jones 35 memorial patch Motorola ad patch,COL,Home purple York Space Systems ad patch
4/21/26,MIL,Road navy Northwestern Mutual ad patch,DET,Home white Meijer ad patch
4/21/26,BAL,Road gray T. Rowe Price ad patch,KCR,Home white QuikTrip ad patch
4/21/26,TOR,Road royal 50th season patch TD ad patch,LAA,City Connect Garret Anderson GA memorial patch FBM ad patch
4/21/26,STL,Road gray Stifel ad patch,MIA,Home white ADT ad patch
4/21/26,MIN,Road gray Securian Financial ad patch,NYM,Home black Davey Johnson DAVEY memorial patch New York-Presbyterian ad patch
4/21/26,ATH,Road gray 125th season patch Las Vegas ad patch,SEA,Home white 50th season patch Nintendo ad patch
4/21/26,LAD,Road gray Los Angeles Guggenheim ad patch,SFG,City Connect Airwallex ad patch
4/21/26,CIN,Road gray Kroger ad patch,TBR,Home white Webull ad patch
4/21/26,PIT,Road gray Bill Mazeroski 9 memorial patch Sheetz ad patch,TEX,Home white blue hat Energy Transfer ad patch
4/21/26,ATL,Road gray Quikrete ad patch,WSN,Home white AARP ad patch
4/22/26,CHW,Road gray CME Group ad patch,ARI,Home black Avnet ad patch
4/22/26,NYY,Road gray Starr ad patch,BOS,Home white MassMutual ad patch
4/22/26,PHI,Road gray 2026 All Star Game patch IBX ad patch,CHC,Home white 150th season patch Motorola ad patch
4/22/26,HOU,Road gray Oxy ad patch,CLE,Home red Marathon ad patch
4/22/26,SDP,Road brown Randy Jones 35 memorial patch Motorola ad patch,COL,Home white York Space Systems ad patch
4/22/26,MIL,Road navy Northwestern Mutual ad patch,DET,Home white Meijer ad patch
4/22/26,BAL,Road gray T. Rowe Price ad patch,KCR,Home powder white pants QuikTrip ad patch
4/22/26,TOR,Road royal 50th season patch TD ad patch,LAA,Home white Garret Anderson GA memorial patch FBM ad patch
4/22/26,STL,Road gray Stifel ad patch,MIA,Home white ADT ad patch
4/22/26,MIN,Road gray Securian Financial ad patch,NYM,Home white Davey Johnson DAVEY memorial patch New York-Presbyterian ad patch
4/22/26,ATH,Road gray 125th season patch Las Vegas ad patch,SEA,Home white 50th season patch Nintendo ad patch
4/22/26,LAD,Road royal Guggenheim ad patch,SFG,Home cream Airwallex ad patch
4/22/26,CIN,Road gray Kroger ad patch,TBR,Home white Webull ad patch
4/22/26,PIT,Road black Bill Mazeroski 9 memorial patch Sheetz ad patch,TEX,Home white blue hat Energy Transfer ad patch
4/22/26,ATL,Road gray Quikrete ad patch,WSN,Home white AARP ad patch
4/23/26,CHW,Road gray CME Group ad patch,ARI,City Connect Avnet ad patch
4/23/26,NYY,Road gray Starr ad patch,BOS,Home white MassMutual ad patch
4/23/26,PHI,Road gray 2026 All Star Game patch IBX ad patch,CHC,Home white 150th season patch Motorola ad patch
4/23/26,SDP,Road brown Randy Jones 35 memorial patch Motorola ad patch,COL,Home white York Space Systems ad patch
4/23/26,MIL,Road powder Northwestern Mutual ad patch,DET,Home white Meijer ad patch
4/23/26,MIN,Road gray Securian Financial ad patch,NYM,Home black Davey Johnson DAVEY memorial patch New York-Presbyterian ad patch
4/23/26,LAD,Road gray Los Angeles Guggenheim ad patch,SFG,Home cream Airwallex ad patch
4/23/26,PIT,Road gray Bill Mazeroski 9 memorial patch Sheetz ad patch,TEX,Home white blue hat Energy Transfer ad patch
4/23/26,ATL,Road gray Quikrete ad patch,WSN,Home navy AARP ad patch
4/24/26,PHI,Road gray 2026 All Star Game patch IBX ad patch,ATL,Home red Quikrete ad patch
4/24/26,BOS,Road red MassMutual ad patch,BAL,City Connect T. Rowe Price ad patch
4/24/26,WSN,Road navy AARP ad patch,CHW,City Connect black hat CME Group ad patch
4/24/26,DET,Road gray Meijer ad patch,CIN,Home black Kroger ad patch
4/24/26,NYY,Road gray Starr ad patch,HOU,Home orange Oxy ad patch
4/24/26,LAA,Road red Garret Anderson GA memorial patch FBM ad patch,KCR,City Connect QuikTrip ad patch
4/24/26,CHC,Road gray 150th season patch Motorola ad patch,LAD,Home white Guggenheim ad patch
4/24/26,PIT,Road black Bill Mazeroski 9 memorial patch Sheetz ad patch,MIL,City Connect Northwestern Mutual ad patch
4/24/26,COL,Road gray York Space Systems ad patch,NYM,Home black Davey Johnson DAVEY memorial patch New York-Presbyterian ad patch
4/24/26,MIA,Road black ADT ad patch,SFG,Home orange Airwallex ad patch
4/24/26,SEA,Road navy 50th season patch Nintendo ad patch,STL,City Connect Stifel ad patch
4/24/26,MIN,Road navy Securian Financial ad patch,TBR,Home throwback Webull ad patch
4/24/26,ATH,Road gray 125th season patch Las Vegas ad patch,TEX,City Connect Energy Transfer ad patch
4/24/26,CLE,Road gray Marathon ad patch,TOR,City Connect TD ad patch
4/25/26,SDP,Road sand Mexico City Series,ARI,City Connect Mexico City Series
4/25/26,PHI,Road gray 2026 All Star Game patch IBX ad patch,ATL,City Connect Quikrete ad patch
4/25/26,BOS,Road gray MassMutual ad patch,BAL,Home orange T. Rowe Price ad patch
4/25/26,WSN,Road navy AARP ad patch,CHW,City Connect black hat CME Group ad patch
4/25/26,DET,Road gray Meijer ad patch,CIN,City Connect Kroger ad patch
4/25/26,NYY,Road gray Starr ad patch,HOU,Home white Oxy ad patch
4/25/26,LAA,Road red Garret Anderson GA memorial patch FBM ad patch,KCR,City Connect QuikTrip ad patch
4/25/26,CHC,Road gray 150th season patch Motorola ad patch,LAD,City Connect Guggenheim ad patch
4/25/26,PIT,Road black Bill Mazeroski 9 memorial patch Sheetz ad patch,MIL,Home pinstripes Northwestern Mutual ad patch
4/25/26,COL,Postponed - 4/26/26,NYM,Postponed - 4/26/26
4/25/26,MIA,Road gray ADT ad patch,SFG,Home black Airwallex ad patch
4/25/26,SEA,Road navy 50th season patch Nintendo ad patch,STL,Home cream Stifel ad patch
4/25/26,MIN,Road gray Securian Financial ad patch,TBR,City Connect Webull ad patch
4/25/26,ATH,Road gray 125th season patch Las Vegas ad patch,TEX,Home white blue hat Energy Transfer ad patch
4/25/26,CLE,Road gray Marathon ad patch,TOR,Home royal throwback hat 50th season patch TD ad patch
4/26/26,SDP,City Connect Mexico City Series,ARI,Road red Mexico City Series
4/26/26,PHI,Road gray 2026 All Star Game patch IBX ad patch,ATL,Home white Quikrete ad patch
4/26/26,BOS,Road gray MassMutual ad patch,BAL,Home white T. Rowe Price ad patch
4/26/26,WSN,Road navy AARP ad patch,CHW,Home white CME Group ad patch
4/26/26,DET,Road navy Meijer ad patch,CIN,Home white Kroger ad patch
4/26/26,NYY,Road gray Starr ad patch,HOU,Home navy Oxy ad patch
4/26/26,LAA,Road red Garret Anderson GA memorial patch FBM ad patch,KCR,City Connect QuikTrip ad patch
4/26/26,CHC,Road gray 150th season patch Motorola ad patch,LAD,Home white Guggenheim ad patch
4/26/26,PIT,Road black Bill Mazeroski 9 memorial patch Sheetz ad patch,MIL,Home pinstripes Northwestern Mutual ad patch
4/26/26,COL,Road gray York Space Systems ad patch,NYM,Home white Davey Johnson DAVEY memorial patch New York-Presbyterian ad patch
4/26/26,COL,Road purple York Space Systems ad patch,NYM,Home white Davey Johnson DAVEY memorial patch New York-Presbyterian ad patch
4/26/26,MIA,Road gray ADT ad patch,SFG,Home cream Airwallex ad patch
4/26/26,SEA,Road navy 50th season patch Nintendo ad patch,STL,Home white Sunday hat Stifel ad patch
4/26/26,MIN,Road navy Securian Financial ad patch,TBR,Home white Webull ad patch
4/26/26,ATH,Road gray 125th season patch Las Vegas ad patch,TEX,Home powder Energy Transfer ad patch
4/26/26,CLE,Road gray Marathon ad patch,TOR,Home royal throwback hat 50th season patch TD ad patch
4/27/26,LAA,Road red Garret Anderson GA memorial patch FBM ad patch,CHW,Home white CME Group ad patch
4/27/26,TBR,Road navy Webull ad patch,CLE,Home white Marathon ad patch
4/27/26,MIA,Road gray ADT ad patch,LAD,Home white Guggenheim ad patch
4/27/26,SEA,Road navy 50th season patch Nintendo ad patch,MIN,Home white Securian Financial ad patch
4/27/26,STL,Road gray Stifel ad patch,PIT,Home white Bill Mazeroski 9 memorial patch Sheetz ad patch
4/27/26,CHC,Road gray 150th season patch Motorola ad patch,SDP,Home white Randy Jones 35 memorial patch Motorola ad patch
4/27/26,NYY,Road gray Starr ad patch,TEX,Home white blue hat Energy Transfer ad patch
4/27/26,BOS,Road gray MassMutual ad patch,TOR,Home royal throwback hat 50th season patch TD ad patch
4/28/26,KCR,Road gray QuikTrip ad patch,ATH,Home white 125th season patch Las Vegas ad patch
4/28/26,DET,Road gray Meijer ad patch,ATL,Home white Quikrete ad patch
4/28/26,HOU,Road gray Oxy ad patch,BAL,Home white T. Rowe Price ad patch
4/28/26,LAA,Road red Garret Anderson GA memorial patch FBM ad patch,CHW,Home white CME Group ad patch
4/28/26,COL,Road purple York Space Systems ad patch,CIN,Home red Kroger ad patch
4/28/26,TBR,Road navy Webull ad patch,CLE,Home red Marathon ad patch
4/28/26,MIA,Road gray ADT ad patch,LAD,Home white Guggenheim ad patch
4/28/26,ARI,Road gray black hat Avnet ad patch,MIL,Home cream Northwestern Mutual ad patch
4/28/26,SEA,Road navy 50th season patch Nintendo ad patch,MIN,Home white Securian Financial ad patch
4/28/26,WSN,Road navy AARP ad patch,NYM,Home white Davey Johnson DAVEY memorial patch New York-Presbyterian ad patch
4/28/26,SFG,Road gray Airwallex ad patch,PHI,Home white 2026 All Star Game patch IBX ad patch
4/28/26,STL,Road gray Stifel ad patch,PIT,Home black Pittsburgh Bill Mazeroski 9 memorial patch Sheetz ad patch
4/28/26,CHC,Road royal 150th season patch Motorola ad patch,SDP,Home white Randy Jones 35 memorial patch Motorola ad patch
4/28/26,NYY,Road gray Starr ad patch,TEX,Home white blue hat Energy Transfer ad patch
4/28/26,BOS,Road gray MassMutual ad patch,TOR,Home powder 50th season patch TD ad patch
4/29/26,KCR,Road powder blue pants QuikTrip ad patch,ATH,Home kelly green 125th season patch Las Vegas ad patch
4/29/26,DET,Road gray Meijer ad patch,ATL,Home white Quikrete ad patch
4/29/26,HOU,Postponed - 4/30/26,BAL,Postponed - 4/30/26
4/29/26,LAA,Road red Garret Anderson GA memorial patch FBM ad patch,CHW,Home white CME Group ad patch
4/29/26,COL,Road gray York Space Systems ad patch,CIN,Home red Kroger ad patch
4/29/26,TBR,Road navy Webull ad patch,CLE,Home white Marathon ad patch
4/29/26,MIA,Road gray ADT ad patch,LAD,Home white Guggenheim ad patch
4/29/26,ARI,Road black Avnet ad patch,MIL,Home cream Northwestern Mutual ad patch
4/29/26,SEA,Road teal 50th season patch Nintendo ad patch,MIN,Home navy Securian Financial ad patch
4/29/26,WSN,Road gray AARP ad patch,NYM,Home white Davey Johnson DAVEY memorial patch New York-Presbyterian ad patch
4/29/26,SFG,Postponed - 4/30/26,PHI,Postponed - 4/30/26
4/29/26,STL,Road gray Stifel ad patch,PIT,Home black Pittsburgh Bill Mazeroski 9 memorial patch Sheetz ad patch
4/29/26,CHC,Road royal 150th season patch Motorola ad patch,SDP,Home white Randy Jones 35 memorial patch Motorola ad patch
4/29/26,NYY,Road gray Starr ad patch,TEX,Home white blue hat Energy Transfer ad patch
4/29/26,BOS,Road gray MassMutual ad patch,TOR,Home powder 50th season patch TD ad patch
4/30/26,KCR,Road royal QuikTrip ad patch,ATH,Home white 125th season patch Las Vegas ad patch
4/30/26,DET,Road navy Meijer ad patch,ATL,Home white Quikrete ad patch
4/30/26,HOU,Road orange orange bill hat Oxy ad patch,BAL,Home white T. Rowe Price ad patch
4/30/26,HOU,Road gray Oxy ad patch,BAL,Home black T. Rowe Price ad patch
4/30/26,COL,Road gray York Space Systems ad patch,CIN,Home white Kroger ad patch
4/30/26,ARI,Road red Avnet ad patch,MIL,Home cream Northwestern Mutual ad patch
4/30/26,TOR,Road powder 50th season patch TD ad patch,MIN,Home cream Securian Financial ad patch
4/30/26,WSN,Road gray AARP ad patch,NYM,Home white Davey Johnson DAVEY memorial patch New York-Presbyterian ad patch
4/30/26,SFG,Road gray Airwallex ad patch,PHI,Home powder 2026 All Star Game patch IBX ad patch
4/30/26,SFG,Road gray Airwallex ad patch,PHI,Home white 2026 All Star Game patch IBX ad patch
4/30/26,STL,Road gray Stifel ad patch,PIT,Home black Pittsburgh Bill Mazeroski 9 memorial patch Sheetz ad patch
5/1/26,CLE,Road gray Marathon ad patch,ATH,Home kelly green 125th season patch Las Vegas ad patch
5/1/26,HOU,Road gray Oxy ad patch,BOS,City Connect MassMutual ad patch
5/1/26,ARI,Road gray black hat Avnet ad patch,CHC,Home powder 150th season patch Motorola ad patch
5/1/26,ATL,Road gray Quikrete ad patch,COL,City Connect York Space Systems ad patch
5/1/26,TEX,Road gray Energy Transfer ad patch,DET,Home orange Meijer ad patch
5/1/26,NYM,Road gray Davey Johnson DAVEY memorial patch New York-Presbyterian ad patch,LAA,Home white Garret Anderson GA memorial patch FBM ad patch
5/1/26,PHI,Road gray 2026 All Star Game patch IBX ad patch,MIA,City Connect ADT ad patch
5/1/26,TOR,Road gray 50th season patch TD ad patch,MIN,City Connect Securian Financial ad patch
5/1/26,BAL,Road gray T. Rowe Price ad patch,NYY,Home white Starr ad patch
5/1/26,CIN,Road gray Kroger ad patch,PIT,City Connect gold hat Bill Mazeroski 9 memorial patch Sheetz ad patch
5/1/26,CHW,Road gray CME Group ad patch,SDP,City Connect Motorola ad patch
5/1/26,KCR,Road gray QuikTrip ad patch,SEA,City Connect 50th season patch Nintendo ad patch
5/1/26,LAD,Road gray Los Angeles Guggenheim ad patch,STL,City Connect Stifel ad patch
5/1/26,SFG,Road gray Mental Health Awareness Month patch Airwallex ad patch,TBR,Home throwback Mental Health Awareness Month patch Webull ad patch
5/1/26,MIL,Road powder Northwestern Mutual ad patch,WSN,Home navy AARP ad patch
5/2/26,CLE,Road gray Marathon ad patch,ATH,Home yellow 125th season patch Las Vegas ad patch
5/2/26,HOU,Road gray Oxy ad patch,BOS,Home yellow MassMutual ad patch
5/2/26,ARI,Road black Avnet ad patch,CHC,Home white 150th season patch Motorola ad patch
5/2/26,ATL,Road gray Quikrete ad patch,COL,Home white York Space Systems ad patch
5/2/26,TEX,Road gray Energy Transfer ad patch,DET,Home white Meijer ad patch
5/2/26,NYM,Road gray Davey Johnson DAVEY memorial patch New York-Presbyterian ad patch,LAA,Home white Garret Anderson GA memorial patch FBM ad patch
5/2/26,PHI,Road gray 2026 All Star Game patch IBX ad patch,MIA,Home white ADT ad patch
5/2/26,TOR,Road gray 50th season patch TD ad patch,MIN,Home cream Securian Financial ad patch
5/2/26,BAL,Road gray T. Rowe Price ad patch,NYY,Home white Starr ad patch
5/2/26,CIN,Road gray Kroger ad patch,PIT,Home black Pittsburgh Bill Mazeroski 9 memorial patch Sheetz ad patch
5/2/26,CHW,Road gray CME Group ad patch,SDP,Home white Randy Jones 35 memorial patch Motorola ad patch
5/2/26,KCR,Road powder blue pants QuikTrip ad patch,SEA,Home white Randy Johnson 51 number retirement patch Nintendo ad patch
5/2/26,LAD,Road royal Guggenheim ad patch,STL,Home cream Stifel ad patch
5/2/26,SFG,Road gray Mental Health Awareness Month patch Airwallex ad patch,TBR,City Connect Mental Health Awareness Month patch Webull ad patch
5/2/26,MIL,Road navy Northwestern Mutual ad patch,WSN,City Connect AARP ad patch
5/3/26,CLE,Road gray Marathon ad patch,ATH,Home white 125th season patch Las Vegas ad patch
5/3/26,HOU,Road orange Oxy ad patch,BOS,Home white MassMutual ad patch
5/3/26,ARI,Road black Avnet ad patch,CHC,Home white 150th season patch Motorola ad patch
5/3/26,ATL,Road gray Quikrete ad patch,COL,Home purple York Space Systems ad patch
5/3/26,TEX,Road gray Energy Transfer ad patch,DET,Home white Meijer ad patch
5/3/26,NYM,Road gray Davey Johnson DAVEY memorial patch New York-Presbyterian ad patch,LAA,Home white Garret Anderson GA memorial patch FBM ad patch
5/3/26,PHI,Road gray 2026 All Star Game patch IBX ad patch,MIA,Home throwback ADT ad patch
5/3/26,TOR,Road gray 50th season patch TD ad patch,MIN,Home white Securian Financial ad patch
5/3/26,BAL,Road black T. Rowe Price ad patch,NYY,Home white Starr ad patch
5/3/26,CIN,Road red Kroger ad patch,PIT,Home black Pittsburgh Bill Mazeroski 9 memorial patch Sheetz ad patch
5/3/26,CHW,Road gray CME Group ad patch,SDP,Camo brown Randy Jones 35 memorial patch Motorola ad patch
5/3/26,KCR,Road royal QuikTrip ad patch,SEA,Home cream Steelheads 50th season patch Nintendo ad patch
5/3/26,LAD,Road royal Guggenheim ad patch,STL,Home white Sunday hat Stifel ad patch
5/3/26,SFG,Road gray Mental Health Awareness Month patch Airwallex ad patch,TBR,Home white Mental Health Awareness Month patch Webull ad patch
5/3/26,MIL,Road navy Northwestern Mutual ad patch,WSN,Home red AARP ad patch
5/4/26,CIN,Road gray Kroger ad patch,CHC,Home white 150th season patch Motorola ad patch
5/4/26,NYM,Road gray Davey Johnson DAVEY memorial patch New York-Presbyterian ad patch,COL,Home purple York Space Systems ad patch
5/4/26,BOS,Road gray MassMutual ad patch,DET,City Connect Meijer ad patch
5/4/26,LAD,Road royal Guggenheim ad patch,HOU,City Connect Oxy ad patch
5/4/26,CLE,Road navy Marathon ad patch,KCR,Home white QuikTrip ad patch
5/4/26,CHW,Road black CME Group ad patch,LAA,Home white Garret Anderson GA memorial patch FBM ad patch
5/4/26,PHI,Road gray 2026 All Star Game patch IBX ad patch,MIA,Home white ADT ad patch
5/4/26,BAL,Road gray T. Rowe Price ad patch,NYY,Home white Starr ad patch
5/4/26,ATL,Road gray Quikrete ad patch,SEA,Home white 50th season patch Nintendo ad patch
5/4/26,SDP,Road brown Randy Jones 35 memorial patch Motorola ad patch,SFG,Home cream Airwallex ad patch
5/4/26,MIL,Road powder Northwestern Mutual ad patch,STL,Home white Stifel ad patch
5/4/26,TOR,Road royal 50th season patch TD ad patch,TBR,Home white Webull ad patch
5/5/26,PIT,Road black Bill Mazeroski 9 memorial patch Sheetz ad patch,ARI,Home cream Avnet ad patch
5/5/26,CIN,Road gray Kroger ad patch,CHC,Home white 150th season patch Motorola ad patch
5/5/26,NYM,Postponed - 5/7/26,COL,Postponed - 5/7/26
5/5/26,BOS,Road gray MassMutual ad patch,DET,Home white Meijer ad patch
5/5/26,LAD,Road royal Guggenheim ad patch,HOU,Home white Oxy ad patch
5/5/26,CLE,Road gray Marathon ad patch,KCR,Home royal QuikTrip ad patch
5/5/26,CHW,Road black CME Group ad patch,LAA,Home white Garret Anderson GA memorial patch FBM ad patch
5/5/26,BAL,Road black B hat T. Rowe Price ad patch,MIA,Home white ADT ad patch
5/5/26,TEX,Road gray Energy Transfer ad patch,NYY,Home white Starr ad patch
5/5/26,ATH,Road gray 125th season patch Las Vegas ad patch,PHI,Home white 2026 All Star Game patch IBX ad patch
5/5/26,ATL,Road gray Quikrete ad patch,SEA,Home white 50th season patch Nintendo ad patch
5/5/26,SDP,Road sand Randy Jones 35 memorial patch Motorola ad patch,SFG,City Connect Airwallex ad patch
5/5/26,MIL,Postponed - 7/7/26,STL,Postponed - 7/7/26
5/5/26,TOR,Road powder 50th season patch TD ad patch,TBR,Home white Webull ad patch
5/5/26,MIN,Road gray Securian Financial ad patch,WSN,Home white AARP ad patch
5/6/26,PIT,Road black Bill Mazeroski 9 memorial patch Sheetz ad patch,ARI,Home red Avnet ad patch
5/6/26,CIN,Road red Kroger ad patch,CHC,Home white 150th season patch Motorola ad patch
5/6/26,NYM,Road gray Davey Johnson DAVEY memorial patch New York-Presbyterian ad patch,COL,Home white York Space Systems ad patch
5/6/26,BOS,Road gray MassMutual ad patch,DET,Home white Meijer ad patch
5/6/26,LAD,Road gray Los Angeles Guggenheim ad patch,HOU,Home white Oxy ad patch
5/6/26,CLE,Road navy Marathon ad patch,KCR,Home white QuikTrip ad patch
5/6/26,CHW,Road gray CME Group ad patch,LAA,Home white Garret Anderson GA memorial patch FBM ad patch
5/6/26,BAL,Road black B hat T. Rowe Price ad patch,MIA,Home white ADT ad patch
5/6/26,TEX,Road royal Energy Transfer ad patch,NYY,Home white Starr ad patch
5/6/26,ATH,Road gray 125th season patch Las Vegas ad patch,PHI,Home white 2026 All Star Game patch IBX ad patch
5/6/26,ATL,Road gray Quikrete ad patch,SEA,Home white 50th season patch Nintendo ad patch
5/6/26,SDP,Road sand Randy Jones 35 memorial patch Motorola ad patch,SFG,Home cream Airwallex ad patch
5/6/26,MIL,Road navy Northwestern Mutual ad patch,STL,Home white Stifel ad patch
5/6/26,TOR,Road gray 50th season patch TD ad patch,TBR,Home white Webull ad patch
5/6/26,MIN,Road gray Securian Financial ad patch,WSN,Home white AARP ad patch
5/7/26,PIT,Road black Bill Mazeroski 9 memorial patch Sheetz ad patch,ARI,Home cream Avnet ad patch
5/7/26,TBR,Road navy Webull ad patch,BOS,Home white MassMutual ad patch
5/7/26,CIN,Road gray Kroger ad patch,CHC,Home white 150th season patch Motorola ad patch
5/7/26,NYM,Road gray Davey Johnson DAVEY memorial patch New York-Presbyterian ad patch,COL,Home white York Space Systems ad patch
5/7/26,CLE,Road gray Marathon ad patch,KCR,Home powder white pants QuikTrip ad patch
5/7/26,BAL,Road black B hat T. Rowe Price ad patch,MIA,Home white ADT ad patch
5/7/26,TEX,Road gray Energy Transfer ad patch,NYY,Home white Starr ad patch
5/7/26,ATH,Road gray 125th season patch Las Vegas ad patch,PHI,Home powder 2026 All Star Game patch IBX ad patch
5/7/26,STL,Road gray Stifel ad patch,SDP,Home white Randy Jones 35 memorial patch Motorola ad patch
5/7/26,MIN,Road gray Securian Financial ad patch,WSN,Home navy AARP ad patch
5/8/26,NYM,Road gray Davey Johnson DAVEY memorial patch New York-Presbyterian ad patch,ARI,City Connect Avnet ad patch
5/8/26,ATH,Road gray 125th season patch Las Vegas ad patch,BAL,City Connect T. Rowe Price ad patch
5/8/26,TBR,Road navy Webull ad patch,BOS,City Connect MassMutual ad patch
5/8/26,SEA,Road navy 50th season patch Nintendo ad patch,CHW,City Connect red hat CME Group ad patch
5/8/26,HOU,Road gray Oxy ad patch,CIN,Home black Kroger ad patch
5/8/26,MIN,Road gray Securian Financial ad patch,CLE,City Connect Marathon ad patch
5/8/26,DET,Road gray Meijer ad patch,KCR,City Connect QuikTrip ad patch
5/8/26,ATL,Road gray Quikrete ad patch,LAD,Home white Guggenheim ad patch
5/8/26,WSN,Road gray AARP ad patch,MIA,City Connect ADT ad patch
5/8/26,NYY,Road gray Starr ad patch,MIL,City Connect Northwestern Mutual ad patch
5/8/26,COL,Road gray York Space Systems ad patch,PHI,City Connect IBX ad patch
5/8/26,STL,Road gray Stifel ad patch,SDP,City Connect Motorola ad patch
5/8/26,PIT,Road black Bill Mazeroski 9 memorial patch Sheetz ad patch,SFG,Home orange Airwallex ad patch
5/8/26,CHC,Road gray 150th season patch Motorola ad patch,TEX,City Connect Energy Transfer ad patch
5/8/26,LAA,Road red Garret Anderson GA memorial patch FBM ad patch,TOR,City Connect TD ad patch
5/9/26,NYM,Road gray Davey Johnson DAVEY memorial patch New York-Presbyterian ad patch,ARI,Home black Avnet ad patch
5/9/26,ATH,Road gray 125th season patch Las Vegas ad patch,BAL,Home orange T. Rowe Price ad patch
5/9/26,TBR,Postponed - 7/17/26,BOS,Postponed - 7/17/26
5/9/26,SEA,Road navy 50th season patch Nintendo ad patch,CHW,Home white CME Group ad patch
5/9/26,HOU,Road gray Oxy ad patch,CIN,City Connect Kroger ad patch
5/9/26,MIN,Road gray Securian Financial ad patch,CLE,City Connect Marathon ad patch
5/9/26,DET,Road gray Meijer ad patch,KCR,Home powder blue pants QuikTrip ad patch
5/9/26,ATL,Road gray Quikrete ad patch,LAD,City Connect Guggenheim ad patch
5/9/26,WSN,Road gray AARP ad patch,MIA,Home white ADT ad patch
5/9/26,NYY,Road gray Starr ad patch,MIL,Home pinstripes Northwestern Mutual ad patch
5/9/26,COL,Road gray York Space Systems ad patch,PHI,Home white 2026 All Star Game patch IBX ad patch
5/9/26,STL,Road powder Stifel ad patch,SDP,Home white Randy Jones 35 memorial patch Motorola ad patch
5/9/26,PIT,Road gray Bill Mazeroski 9 memorial patch Sheetz ad patch,SFG,Home black Airwallex ad patch
5/9/26,CHC,Road gray 150th season patch Motorola ad patch,TEX,Home white blue hat Energy Transfer ad patch
5/9/26,LAA,Road red Garret Anderson GA memorial patch FBM ad patch,TOR,Home white 50th season patch TD ad patch
5/10/26,NYM,Road gray Mother’s Day patch Davey Johnson DAVEY memorial patch New York-Presbyterian ad patch,ARI,Home cream Mother’s Day patch Avnet ad patch
5/10/26,ATH,Road gray Mother’s Day patch 125th season patch Las Vegas ad patch,BAL,Home white Mother's Day patch T. Rowe Price ad patch
5/10/26,TBR,Road navy Mother’s Day patch Webull ad patch,BOS,Home white Mother’s Day patch MassMutual ad patch
5/10/26,SEA,Road navy Mother’s Day patch 50th season patch Nintendo ad patch,CHW,Home white Mother’s Day patch CME Group ad patch
5/10/26,HOU,Road gray Mother’s Day patch Oxy ad patch,CIN,Home white Mother’s Day patch Kroger ad patch
5/10/26,MIN,Road gray Mother’s Day patch Securian Financial ad patch,CLE,Home red Mother’s Day patch Marathon ad patch
5/10/26,DET,Road gray Mother’s Day patch Meijer ad patch,KCR,Home royal Mother’s Day patch QuikTrip ad patch
5/10/26,ATL,Road gray Mother’s Day patch Quikrete ad patch,LAD,Home white Mother’s Day patch Guggenheim ad patch
5/10/26,WSN,Road gray Mother’s Day patch AARP ad patch,MIA,Home throwback Mother’s Day patch ADT ad patch
5/10/26,NYY,Road gray Mother’s Day patch Starr ad patch,MIL,Home pinstripes Mother’s Day patch Northwestern Mutual ad patch
5/10/26,COL,Road gray Mother’s Day patch York Space Systems ad patch,PHI,Home cream Mother’s Day patch 2026 All Star Game patch IBX ad patch
5/10/26,STL,Road gray Mother’s Day patch Stifel ad patch,SDP,Camo brown Mother’s Day patch Randy Jones 35 memorial patch Motorola ad patch
5/10/26,PIT,Road black Mother’s Day patch Bill Mazeroski 9 memorial patch Sheetz ad patch,SFG,Home cream Mother’s Day patch Airwallex ad patch
5/10/26,CHC,Road gray Mother’s Day patch 150th season patch Motorola ad patch,TEX,Home powder Mother’s Day patch Energy Transfer ad patch
5/10/26,LAA,Road red Mother’s Day patch Garret Anderson GA memorial patch FBM ad patch,TOR,Home white Mother’s Day patch 50th season patch TD ad patch
5/11/26,NYY,Road gray Starr ad patch,BAL,Home white B hat T. Rowe Price ad patch
5/11/26,LAA,Road red Garret Anderson GA memorial patch FBM ad patch,CLE,Home white Marathon ad patch
5/11/26,SEA,Road navy 50th season patch Nintendo ad patch,HOU,City Connect Oxy ad patch
5/11/26,SFG,Road gray Airwallex ad patch,LAD,Home white Guggenheim ad patch
5/11/26,ARI,Road red Avnet ad patch,TEX,Home white blue hat Energy Transfer ad patch
5/11/26,TBR,Road powder Webull ad patch,TOR,Home royal throwback hat 50th season patch TD ad patch
5/12/26,STL,Road gray Stifel ad patch,ATH,Home white 125th season patch Las Vegas ad patch
5/12/26,CHC,Road royal 150th season patch Motorola ad patch,ATL,Home white Quikrete ad patch
5/12/26,NYY,Road gray Starr ad patch,BAL,Home white B hat T. Rowe Price ad patch
5/12/26,PHI,Road gray 2026 All Star Game patch IBX ad patch,BOS,Home white MassMutual ad patch
5/12/26,KCR,Road gray QuikTrip ad patch,CHW,Home white CME Group ad patch
5/12/26,WSN,Road gray AARP ad patch,CIN,Home red Kroger ad patch
5/12/26,LAA,Road red Garret Anderson GA memorial patch FBM ad patch,CLE,Home white Marathon ad patch
5/12/26,SEA,Road navy 50th season patch Nintendo ad patch,HOU,Home white Oxy ad patch
5/12/26,SFG,Road gray Airwallex ad patch,LAD,Home white Guggenheim ad patch
5/12/26,SDP,Road sand Randy Jones 35 memorial patch Motorola ad patch,MIL,Home cream Northwestern Mutual ad patch
5/12/26,MIA,Road gray ADT ad patch,MIN,Home white Securian Financial ad patch
5/12/26,DET,Road gray Meijer ad patch,NYM,Home white Davey Johnson DAVEY memorial patch New York-Presbyterian ad patch
5/12/26,COL,Road gray York Space Systems ad patch,PIT,Home black Pittsburgh Bill Mazeroski 9 memorial patch Sheetz ad patch
5/12/26,ARI,Road gray black crown hat Avnet ad patch,TEX,Home white blue hat Energy Transfer ad patch
5/12/26,TBR,Road navy Webull ad patch,TOR,Home powder 50th season patch TD ad patch
5/13/26,STL,Road gray Stifel ad patch,ATH,Home kelly green 125th season patch Las Vegas ad patch
5/13/26,CHC,Road gray 150th season patch Motorola ad patch,ATL,Home white Quikrete ad patch
5/13/26,NYY,Road gray Starr ad patch,BAL,Home orange T. Rowe Price ad patch
5/13/26,PHI,Road gray 2026 All Star Game patch IBX ad patch,BOS,Home white MassMutual ad patch
5/13/26,KCR,Road gray QuikTrip ad patch,CHW,Home white CME Group ad patch
5/13/26,WSN,Road gray AARP ad patch,CIN,Home white Kroger ad patch
5/13/26,LAA,Road red Garret Anderson GA memorial patch FBM ad patch,CLE,Home white Marathon ad patch
5/13/26,SEA,Road navy 50th season patch Nintendo ad patch,HOU,Home white Oxy ad patch
5/13/26,SFG,Road gray Airwallex ad patch,LAD,Home white Guggenheim ad patch
5/13/26,SDP,Road brown Randy Jones 35 memorial patch Motorola ad patch,MIL,Home cream Northwestern Mutual ad patch
5/13/26,MIA,Road gray ADT ad patch,MIN,Home cream Securian Financial ad patch
5/13/26,DET,Road gray Meijer ad patch,NYM,Home white Davey Johnson DAVEY memorial patch New York-Presbyterian ad patch
5/13/26,COL,Road gray York Space Systems ad patch,PIT,Home white Bill Mazeroski 9 memorial patch Sheetz ad patch
5/13/26,ARI,Road black Avnet ad patch,TEX,Home white blue hat Energy Transfer ad patch
5/13/26,TBR,Road navy Webull ad patch,TOR,Home powder 50th season patch TD ad patch
5/14/26,STL,Road gray Stifel ad patch,ATH,Home white 125th season patch Las Vegas ad patch
5/14/26,CHC,Road royal 150th season patch Motorola ad patch,ATL,Home white Quikrete ad patch
5/14/26,PHI,Road gray 2026 All Star Game patch IBX ad patch,BOS,Home white MassMutual ad patch
5/14/26,KCR,Road powder blue pants QuikTrip ad patch,CHW,Home white CME Group ad patch
5/14/26,WSN,Road gray AARP ad patch,CIN,Home white Kroger ad patch
5/14/26,SEA,Road teal 50th season patch Nintendo ad patch,HOU,Home navy Oxy ad patch
5/14/26,SFG,Road gray Airwallex ad patch,LAD,Home white Guggenheim ad patch
5/14/26,SDP,Road brown Randy Jones 35 memorial patch Motorola ad patch,MIL,Home cream Northwestern Mutual ad patch
5/14/26,MIA,Road gray ADT ad patch,MIN,Home white Securian Financial ad patch
5/14/26,DET,Road navy Meijer ad patch,NYM,Home white Davey Johnson DAVEY memorial patch New York-Presbyterian ad patch
5/14/26,COL,Road purple York Space Systems ad patch,PIT,Road gray Bill Mazeroski 9 memorial patch Sheetz ad patch
5/15/26,SFG,Road gray Armed Forces hat Airwallex ad patch,ATH,Home white Armed Forces hat 125th season patch Las Vegas ad patch
5/15/26,BOS,Road gray Armed Forces hat MassMutual ad patch,ATL,Home red Armed Forces hat Quikrete ad patch
5/15/26,CHC,Road royal Armed Forces hat 150th season patch Motorola ad patch,CHW,City Connect black hat CME Group ad patch
5/15/26,CIN,Road gray Armed Forces hat Kroger ad patch,CLE,Home white Armed Forces hat Marathon ad patch
5/15/26,ARI,Road black Armed Forces hat Avnet ad patch,COL,City Connect Armed Forces hat York Space Systems ad patch
5/15/26,TOR,Road gray Armed Forces hat 50th season patch TD ad patch,DET,Home orange Armed Forces hat Meijer ad patch
5/15/26,TEX,Road gray Armed Forces hat Energy Transfer ad patch,HOU,Home orange Armed Forces hat Oxy ad patch
5/15/26,LAD,Road royal Armed Forces hat Guggenheim ad patch,LAA,Home white Armed Forces hat Garret Anderson GA memorial patch FBM ad patch
5/15/26,MIL,Road navy Armed Forces hat Northwestern Mutual ad patch,MIN,Home cream Armed Forces hat Securian Financial ad patch
5/15/26,NYY,Road gray Armed Forces hat Starr ad patch,NYM,Home black Armed Forces hat Davey Johnson DAVEY memorial patch New York-Presbyterian ad patch
5/15/26,PHI,Road gray Armed Forces hat 2026 All Star Game patch IBX ad patch,PIT,City Connect Armed Forces hat Bill Mazeroski 9 memorial patch Sheetz ad patch
5/15/26,SDP,Road brown Armed Forces hat Randy Jones 35 memorial patch Motorola ad patch,SEA,Home white Armed Forces hat 50th season patch Nintendo ad patch
5/15/26,KCR,Road gray Armed Forces hat QuikTrip ad patch,STL,City Connect Armed Forces hat Stifel ad patch
5/15/26,MIA,Road black Armed Forces hat ADT ad patch,TBR,Home throwback Armed Forces hat Webull ad patch
5/15/26,BAL,Road gray Armed Forces hat T. Rowe Price ad patch,WSN,Home navy Armed Forces hat AARP ad patch
5/16/26,SFG,Road gray Armed Forces hat Airwallex ad patch,ATH,Home yellow Armed Forces hat 125th season patch Las Vegas ad patch
5/16/26,BOS,Road gray Armed Forces hat MassMutual ad patch,ATL,City Connect Armed Forces hat Quikrete ad patch
5/16/26,CHC,Road royal Armed Forces hat 150th season patch Motorola ad patch,CHW,Home white Armed Forces hat CME Group ad patch
5/16/26,CIN,Road gray Armed Forces hat Kroger ad patch,CLE,Home red Armed Forces hat Marathon ad patch
5/16/26,ARI,Road gray Armed Forces hat Avnet ad patch,COL,Home purple Armed Forces hat York Space Systems ad patch
5/16/26,TOR,Road royal Armed Forces hat 50th season patch TD ad patch,DET,Home white Armed Forces hat Meijer ad patch
5/16/26,TEX,Road gray Armed Forces hat Energy Transfer ad patch,HOU,Home white Armed Forces hat Oxy ad patch
5/16/26,LAD,Road royal Armed Forces hat Guggenheim ad patch,LAA,Home white Armed Forces hat Garret Anderson GA memorial patch FBM ad patch
5/16/26,MIL,Road navy Armed Forces hat Northwestern Mutual ad patch,MIN,Home cream Armed Forces hat Securian Financial ad patch
5/16/26,NYY,Road gray Armed Forces hat Starr ad patch,NYM,City Connect Armed Forces hat Davey Johnson DAVEY memorial patch New York-Presbyterian ad patch
5/16/26,PHI,Road gray Armed Forces hat 2026 All Star Game patch IBX ad patch,PIT,Home black Pittsburgh Armed Forces hat Bill Mazeroski 9 memorial patch Sheetz ad patch
5/16/26,SDP,Road brown Armed Forces hat Randy Jones 35 memorial patch Motorola ad patch,SEA,Home white Armed Forces hat 50th season patch Nintendo ad patch
5/16/26,KCR,Road powder blue pants Armed Forces hat QuikTrip ad patch,STL,Home cream Armed Forces hat Stifel ad patch
5/16/26,MIA,Road gray Armed Forces hat ADT ad patch,TBR,City Connect Armed Forces hat Webull ad patch
5/16/26,BAL,Road black Armed Forces hat T. Rowe Price ad patch,WSN,City Connect Armed Forces hat AARP ad patch
5/17/26,SFG,Road gray Armed Forces hat Airwallex ad patch,ATH,Home white Armed Forces hat 125th season patch Las Vegas ad patch
5/17/26,BOS,Road gray Armed Forces hat MassMutual ad patch,ATL,Home white Armed Forces hat Quikrete ad patch
5/17/26,CHC,Road gray Armed Forces hat 150th season patch Motorola ad patch,CHW,Home white Armed Forces hat CME Group ad patch
5/17/26,CIN,Road gray Armed Forces hat Kroger ad patch,CLE,Home red Armed Forces hat Marathon ad patch
5/17/26,ARI,Road black Armed Forces hat Avnet ad patch,COL,Home white Armed Forces hat York Space Systems ad patch
5/17/26,TOR,Road royal Armed Forces hat 50th season patch TD ad patch,DET,Home white Armed Forces hat Meijer ad patch
5/17/26,TEX,Road gray Armed Forces hat Energy Transfer ad patch,HOU,Home navy Armed Forces hat Oxy ad patch
5/17/26,LAD,Road royal Armed Forces hat Guggenheim ad patch,LAA,Home white Armed Forces hat Garret Anderson GA memorial patch FBM ad patch
5/17/26,MIL,Road navy Armed Forces hat Northwestern Mutual ad patch,MIN,Home white Armed Forces hat Securian Financial ad patch
5/17/26,NYY,Road gray Armed Forces hat Starr ad patch,NYM,Home white Armed Forces hat Davey Johnson DAVEY memorial patch New York-Presbyterian ad patch
5/17/26,PHI,Road gray Armed Forces hat 2026 All Star Game patch IBX ad patch,PIT,Home black Pittsburgh Armed Forces hat Bill Mazeroski 9 memorial patch Sheetz ad patch
5/17/26,SDP,Road brown Armed Forces hat Randy Jones 35 memorial patch Motorola ad patch,SEA,Home cream Steelheads Armed Forces hat 50th season patch Nintendo ad patch
5/17/26,KCR,Road royal Armed Forces hat QuikTrip ad patch,STL,Home white Sunday helmet Armed Forces hat Stifel ad patch
5/17/26,MIA,Road gray Armed Forces hat ADT ad patch,TBR,Home white Armed Forces hat Webull ad patch
5/17/26,BAL,Road gray Armed Forces hat T. Rowe Price ad patch,WSN,Home red Armed Forces hat AARP ad patch
5/18/26,SFG,Road gray Airwallex ad patch,ARI,Home cream Avnet ad patch
5/18/26,MIL,Road powder Northwestern Mutual ad patch,CHC,Home white 150th season patch Motorola ad patch
5/18/26,TEX,Road gray Energy Transfer ad patch,COL,Home purple York Space Systems ad patch
5/18/26,CLE,Road gray Marathon ad patch,DET,City Connect Meijer ad patch
5/18/26,BOS,Road gray MassMutual ad patch,KCR,Home white QuikTrip ad patch
5/18/26,ATH,Road gray 125th season patch Las Vegas ad patch,LAA,Home white Garret Anderson GA memorial patch FBM ad patch
5/18/26,ATL,Road gray Quikrete ad patch,MIA,Home white ADT ad patch
5/18/26,HOU,Road gray Oxy ad patch,MIN,Home white Securian Financial ad patch
5/18/26,TOR,Road royal 50th season patch TD ad patch,NYY,Home white John Sterling memorial patch Starr ad patch
5/18/26,CIN,Road red Kroger ad patch,PHI,Home white 2026 All Star Game patch IBX ad patch
5/18/26,LAD,Road royal Guggenheim ad patch,SDP,Home white Randy Jones 35 memorial patch Motorola ad patch
5/18/26,CHW,Road black CME Group ad patch,SEA,Home white 50th season patch Nintendo ad patch
5/18/26,BAL,Road gray T. Rowe Price ad patch,TBR,Home white Webull ad patch
5/18/26,NYM,Road gray Davey Johnson DAVEY memorial patch New York-Presbyterian ad patch,WSN,Home white AARP ad patch
5/19/26,SFG,Road gray Airwallex ad patch,ARI,Home black Avnet ad patch
5/19/26,MIL,Road powder Northwestern Mutual ad patch,CHC,Home white 150th season patch Motorola ad patch
5/19/26,TEX,Road gray Energy Transfer ad patch,COL,Home white York Space Systems ad patch
5/19/26,CLE,Road gray Marathon ad patch,DET,Home white Meijer ad patch
5/19/26,BOS,Road gray MassMutual ad patch,KCR,Home white QuikTrip ad patch
5/19/26,ATH,Road gray 125th season patch Las Vegas ad patch,LAA,City Connect Garret Anderson GA memorial patch FBM ad patch
5/19/26,ATL,Road navy Quikrete ad patch,MIA,Home white ADT ad patch
5/19/26,HOU,Road gray Oxy ad patch,MIN,Home white Securian Financial ad patch
5/19/26,TOR,Road gray 50th season patch TD ad patch,NYY,Home white John Sterling memorial patch Starr ad patch
5/19/26,CIN,Road gray Kroger ad patch,PHI,Home white 2026 All Star Game patch IBX ad patch
5/19/26,LAD,Road gray Dodgers Guggenheim ad patch,SDP,Home white Randy Jones 35 memorial patch Motorola ad patch
5/19/26,CHW,Road gray CME Group ad patch,SEA,Home white 50th season patch Nintendo ad patch
5/19/26,PIT,Road black Bill Mazeroski 9 memorial patch Sheetz ad patch,STL,Home white Stifel ad patch
5/19/26,BAL,Road black B hat T. Rowe Price ad patch,TBR,Home white Webull ad patch
5/19/26,NYM,Road gray Davey Johnson DAVEY memorial patch New York-Presbyterian ad patch,WSN,Home white AARP ad patch
5/20/26,SFG,Road gray Airwallex ad patch,ARI,Home cream Avnet ad patch
5/20/26,MIL,Road powder Northwestern Mutual ad patch,CHC,Home white 150th season patch Motorola ad patch
5/20/26,TEX,Road gray Energy Transfer ad patch,COL,Home white York Space Systems ad patch
5/20/26,CLE,Road navy Marathon ad patch,DET,Home white Meijer ad patch
5/20/26,BOS,Road gray MassMutual ad patch,KCR,Home white QuikTrip ad patch
5/20/26,ATH,Road gray 125th season patch Las Vegas ad patch,LAA,Home white Garret Anderson GA memorial patch FBM ad patch
5/20/26,ATL,Road navy Quikrete ad patch,MIA,Home white ADT ad patch
5/20/26,HOU,Road orange Oxy ad patch,MIN,Home white Securian Financial ad patch
5/20/26,TOR,Road powder 50th season patch TD ad patch,NYY,Home white John Sterling memorial patch Starr ad patch
5/20/26,CIN,Road gray Kroger ad patch,PHI,Home cream 2026 All Star Game patch IBX ad patch
5/20/26,LAD,Road gray Dodgers Guggenheim ad patch,SDP,Home white Randy Jones 35 memorial patch Motorola ad patch
5/20/26,CHW,Road gray CME Group ad patch,SEA,Home white 50th season patch Nintendo ad patch
5/20/26,PIT,Road gray Bill Mazeroski 9 memorial patch Sheetz ad patch,STL,Home white Stifel ad patch
5/20/26,BAL,Road gray T. Rowe Price ad patch,TBR,Home white Webull ad patch
5/20/26,NYM,Road gray Davey Johnson DAVEY memorial patch New York-Presbyterian ad patch,WSN,Home white AARP ad patch
5/21/26,COL,Road gray York Space Systems ad patch,ARI,Home cream Avnet ad patch
5/21/26,CLE,Road navy Marathon ad patch,DET,Home white Meijer ad patch
5/21/26,ATH,Road gray 125th season patch Las Vegas ad patch,LAA,Home white Garret Anderson GA memorial patch FBM ad patch
5/21/26,ATL,Road gray Quikrete ad patch,MIA,Home white ADT ad patch
5/21/26,TOR,Road powder 50th season patch TD ad patch,NYY,Home white John Sterling memorial patch Starr ad patch
5/21/26,PIT,Road black Bill Mazeroski 9 memorial patch Sheetz ad patch,STL,Home white Stifel ad patch
5/21/26,NYM,Road gray Davey Johnson DAVEY memorial patch New York-Presbyterian ad patch,WSN,Home navy AARP ad patch
5/22/26,COL,Road gray York Space Systems ad patch,ARI,City Connect Avnet ad patch
5/22/26,WSN,Road navy AARP ad patch,ATL,Home red Quikrete ad patch
5/22/26,DET,Road gray Meijer ad patch,BAL,City Connect T. Rowe Price ad patch
5/22/26,MIN,Road navy Securian Financial ad patch,BOS,City Connect MassMutual ad patch
5/22/26,HOU,Road orange Oxy ad patch,CHC,Home powder 150th season patch Motorola ad patch
5/22/26,STL,Postponed - 5/23/26,CIN,Postponed - 5/23/26
5/22/26,SEA,Road navy 50th season patch Nintendo ad patch,KCR,City Connect QuikTrip ad patch
5/22/26,TEX,Road gray Energy Transfer ad patch,LAA,Home white Garret Anderson GA memorial patch FBM ad patch
5/22/26,NYM,Road gray Davey Johnson DAVEY memorial patch New York-Presbyterian ad patch,MIA,City Connect ADT ad patch
5/22/26,LAD,Road gray Dodgers Guggenheim ad patch,MIL,City Connect Northwestern Mutual ad patch
5/22/26,TBR,Road navy Webull ad patch,NYY,Home white John Sterling memorial patch Starr ad patch
5/22/26,CLE,Road gray Marathon ad patch,PHI,City Connect IBX ad patch
5/22/26,ATH,Road gray 125th season patch Las Vegas ad patch,SDP,City Connect Motorola ad patch
5/22/26,CHW,Road black CME Group ad patch,SFG,Home orange Airwallex ad patch
5/22/26,PIT,Road gray Bill Mazeroski 9 memorial patch Sheetz ad patch,TOR,City Connect TD ad patch
5/23/26,COL,Road gray York Space Systems ad patch,ARI,Home red Avnet ad patch
5/23/26,WSN,Road navy AARP ad patch,ATL,City Connect Quikrete ad patch
5/23/26,DET,Postponed - 5/24/26,BAL,Postponed - 5/24/26
5/23/26,MIN,Road navy Securian Financial ad patch,BOS,Home yellow MassMutual ad patch
5/23/26,HOU,Road orange Oxy ad patch,CHC,Home white 150th season patch Motorola ad patch
5/23/26,STL,Road gray navy hat Stifel ad patch,CIN,Home red Kroger ad patch
5/23/26,STL,Road powder Stifel ad patch,CIN,City Connect Kroger ad patch
5/23/26,SEA,Road navy 50th season patch Nintendo ad patch,KCR,Home powder blue pants QuikTrip ad patch
5/23/26,TEX,Road royal Energy Transfer ad patch,LAA,Home white Garret Anderson GA memorial patch FBM ad patch
5/23/26,NYM,Road gray Davey Johnson DAVEY memorial patch New York-Presbyterian ad patch,MIA,Home white ADT ad patch
5/23/26,LAD,Road royal Guggenheim ad patch,MIL,Home pinstripes Northwestern Mutual ad patch
5/23/26,TBR,Postponed - 9/22/26,NYY,Postponed - 9/22/26
5/23/26,CLE,Road gray Marathon ad patch,PHI,Home cream 2026 All Star Game patch IBX ad patch
5/23/26,ATH,Road gray 125th season patch Las Vegas ad patch,SDP,Home white Randy Jones 35 memorial patch Motorola ad patch
5/23/26,CHW,Road gray CME Group ad patch,SFG,Home black Airwallex ad patch
5/23/26,PIT,Road black Bill Mazeroski 9 memorial patch Sheetz ad patch,TOR,Home powder 50th season patch TD ad patch
5/24/26,COL,Road gray York Space Systems ad patch,ARI,Home black Avnet ad patch
5/24/26,WSN,Road navy AARP ad patch,ATL,Home white Quikrete ad patch
5/24/26,DET,Road navy Meijer ad patch,BAL,Home white T. Rowe Price ad patch
5/24/26,DET,Road gray Meijer ad patch,BAL,Home black T. Rowe Price ad patch
5/24/26,MIN,Road navy Securian Financial ad patch,BOS,Home white MassMutual ad patch
5/24/26,HOU,Road orange Oxy ad patch,CHC,Home white 150th season patch Motorola ad patch
5/24/26,STL,Postponed - 8/17/26,CIN,Postponed - 8/17/26
5/24/26,SEA,Road teal 50th season patch Nintendo ad patch,KCR,Home powder white pants QuikTrip ad patch
5/24/26,TEX,Road gray Energy Transfer ad patch,LAA,Home white Garret Anderson GA memorial patch FBM ad patch
5/24/26,NYM,Road gray Davey Johnson DAVEY memorial patch New York-Presbyterian ad patch,MIA,Home throwback ADT ad patch
5/24/26,LAD,Road royal Guggenheim ad patch,MIL,Home pinstripes Northwestern Mutual ad patch
5/24/26,TBR,Road navy Webull ad patch,NYY,Home white John Sterling memorial patch Starr ad patch
5/24/26,CLE,Road navy Marathon ad patch,PHI,Home cream 2026 All Star Game patch IBX ad patch
5/24/26,ATH,Road gray 125th season patch Las Vegas ad patch,SDP,Camo brown Randy Jones 35 memorial patch Motorola ad patch
5/24/26,CHW,Road black CME Group ad patch,SFG,Home cream Airwallex ad patch
5/24/26,PIT,Road black Bill Mazeroski 9 memorial patch Sheetz ad patch,TOR,Home powder 50th season patch TD ad patch
5/25/26,SEA,Road navy Memorial Day patch 50th season patch Nintendo ad patch,ATH,Home white Memorial Day patch 125th season patch Las Vegas ad patch
5/25/26,TBR,Road navy Memorial Day patch Webull ad patch,BAL,Home white Memorial Day patch T. Rowe Price ad patch
5/25/26,MIN,Road navy Memorial Day patch Securian Financial ad patch,CHW,Home white Memorial Day patch CME Group ad patch
5/25/26,WSN,Road navy Memorial Day patch AARP ad patch,CLE,Home red Memorial Day patch Marathon ad patch
5/25/26,NYY,Road gray Memorial Day patch John Sterling memorial patch Starr ad patch,KCR,Home royal Memorial Day patch QuikTrip ad patch
5/25/26,COL,Road purple Memorial Day patch York Space Systems ad patch,LAD,Home white Memorial Day patch Guggenheim ad patch
5/25/26,STL,Road gray Memorial Day patch Stifel ad patch,MIL,Home cream Memorial Day patch Northwestern Mutual ad patch
5/25/26,CIN,Road gray Memorial Day patch Kroger ad patch,NYM,Home white Memorial Day patch Davey Johnson DAVEY memorial patch New York-Presbyterian ad patch
5/25/26,CHC,Road gray Memorial Day patch 150th season patch Motorola ad patch,PIT,Home black Pittsburgh military hat Memorial Day patch Bill Mazeroski 9 memorial patch Sheetz ad patch
5/25/26,PHI,Road gray Memorial Day patch 2026 All Star Game patch IBX ad patch,SDP,Home white Memorial Day patch Randy Jones 35 memorial patch Motorola ad patch
5/25/26,ARI,Road black Memorial Day patch Avnet ad patch,SFG,Home cream Memorial Day patch Airwallex ad patch
5/25/26,HOU,Road orange Memorial Day patch Oxy ad patch,TEX,Home white blue hat Memorial Day patch Energy Transfer ad patch
5/25/26,MIA,Road gray Memorial Day patch ADT ad patch,TOR,Home white Memorial Day patch 50th season patch TD ad patch
5/26/26,SEA,Road navy 50th season patch Nintendo ad patch,ATH,Home white 125th season patch Las Vegas ad patch
5/26/26,TBR,Road navy Webull ad patch,BAL,Home white T. Rowe Price ad patch
5/26/26,ATL,Road gray Quikrete ad patch,BOS,Home white MassMutual ad patch
5/26/26,MIN,Road gray Securian Financial ad patch,CHW,Home white CME Group ad patch
5/26/26,WSN,Road navy AARP ad patch,CLE,Home white Marathon ad patch
5/26/26,LAA,Road red Garret Anderson GA memorial patch FBM ad patch,DET,Home white Meijer ad patch
5/26/26,NYY,Road gray John Sterling memorial patch Starr ad patch,KCR,Home white QuikTrip ad patch
5/26/26,COL,Road purple York Space Systems ad patch,LAD,Home white Guggenheim ad patch
5/26/26,STL,Road gray Stifel ad patch,MIL,Home cream Northwestern Mutual ad patch
5/26/26,CIN,Road gray Kroger ad patch,NYM,Home white Davey Johnson DAVEY memorial patch New York-Presbyterian ad patch
5/26/26,CHC,Road gray 150th season patch Motorola ad patch,PIT,Home black Pittsburgh Bill Mazeroski 9 memorial patch Sheetz ad patch
5/26/26,PHI,Road gray 2026 All Star Game patch IBX ad patch,SDP,Home white Randy Jones 35 memorial patch Motorola ad patch
5/26/26,ARI,Road red Avnet ad patch,SFG,City Connect Airwallex ad patch
5/26/26,HOU,Road orange Oxy ad patch,TEX,Home white blue hat Energy Transfer ad patch
5/26/26,MIA,Road gray ADT ad patch,TOR,Home royal throwback hat 50th season patch TD ad patch
5/27/26,SEA,,ATH,
5/27/26,TBR,,BAL,
5/27/26,ATL,,BOS,
5/27/26,MIN,,CHW,
5/27/26,WSN,,CLE,
5/27/26,LAA,,DET,
5/27/26,NYY,,KCR,
5/27/26,COL,,LAD,
5/27/26,STL,,MIL,
5/27/26,CIN,,NYM,
5/27/26,CHC,,PIT,
5/27/26,PHI,,SDP,
5/27/26,ARI,,SFG,
5/27/26,HOU,,TEX,
5/27/26,MIA,,TOR,
5/28/26,TOR,,BAL,
5/28/26,ATL,,BOS,
5/28/26,MIN,,CHW,
5/28/26,LAA,,DET,
5/28/26,CHC,,PIT,
5/28/26,HOU,,TEX,
5/29/26,NYY,,ATH,
5/29/26,TOR,,BAL,
5/29/26,DET,,CHW,
5/29/26,ATL,,CIN,
5/29/26,BOS,,CLE,
5/29/26,SFG,,COL,
5/29/26,MIL,,HOU,
5/29/26,PHI,,LAD,
5/29/26,MIA,,NYM,
5/29/26,MIN,,PIT,
5/29/26,ARI,,SEA,
5/29/26,CHC,,STL,
5/29/26,LAA,,TBR,
5/29/26,KCR,,TEX,
5/29/26,SDP,,WSN,
5/30/26,NYY,,ATH,
5/30/26,TOR,,BAL,
5/30/26,DET,,CHW,
5/30/26,ATL,,CIN,
5/30/26,BOS,,CLE,
5/30/26,SFG,,COL,
5/30/26,MIL,,HOU,
5/30/26,PHI,,LAD,
5/30/26,MIA,,NYM,
5/30/26,MIN,,PIT,
5/30/26,ARI,,SEA,
5/30/26,CHC,,STL,
5/30/26,LAA,,TBR,
5/30/26,KCR,,TEX,
5/30/26,SDP,,WSN,
5/31/26,NYY,,ATH,
5/31/26,TOR,,BAL,
5/31/26,DET,,CHW,
5/31/26,ATL,,CIN,
5/31/26,BOS,,CLE,
5/31/26,SFG,,COL,
5/31/26,MIL,,HOU,
5/31/26,PHI,,LAD,
5/31/26,MIA,,NYM,
5/31/26,MIN,,PIT,
5/31/26,ARI,,SEA,
5/31/26,CHC,,STL,
5/31/26,LAA,,TBR,
5/31/26,KCR,,TEX,
5/31/26,SDP,,WSN,
6/1/26,LAD,,ARI,
6/1/26,KCR,,CIN,
6/1/26,COL,,LAA,
6/1/26,SFG,,MIL,
6/1/26,CHW,,MIN,
6/1/26,NYM,,SEA,
6/1/26,TEX,,STL,
6/1/26,DET,,TBR,
6/1/26,MIA,,WSN,
6/2/26,LAD,,ARI,
6/2/26,TOR,,ATL,
6/2/26,BAL,,BOS,
6/2/26,ATH,,CHC,
6/2/26,KCR,,CIN,
6/2/26,PIT,,HOU,
6/2/26,COL,,LAA,
6/2/26,SFG,,MIL,
6/2/26,CHW,,MIN,
6/2/26,CLE,,NYY,
6/2/26,SDP,,PHI,
6/2/26,NYM,,SEA,
6/2/26,TEX,,STL,
6/2/26,DET,,TBR,
6/2/26,MIA,,WSN,
6/3/26,LAD,,ARI,
6/3/26,TOR,,ATL,
6/3/26,BAL,,BOS,
6/3/26,ATH,,CHC,
6/3/26,KCR,,CIN,
6/3/26,PIT,,HOU,
6/3/26,COL,,LAA,
6/3/26,SFG,,MIL,
6/3/26,CHW,,MIN,
6/3/26,CLE,,NYY,
6/3/26,SDP,,PHI,
6/3/26,NYM,,SEA,
6/3/26,TEX,,STL,
6/3/26,DET,,TBR,
6/3/26,MIA,,WSN,
6/4/26,LAD,,ARI,
6/4/26,TOR,,ATL,
6/4/26,BAL,,BOS,
6/4/26,ATH,,CHC,
6/4/26,PIT,,HOU,
6/4/26,SFG,,MIL,
6/4/26,KCR,,MIN,
6/4/26,CLE,,NYY,
6/4/26,SDP,,PHI,
6/5/26,WSN,,ARI,
6/5/26,PIT,,ATL,
6/5/26,SFG,,CHC,
6/5/26,MIL,,COL,
6/5/26,SEA,,DET,
6/5/26,ATH,,HOU,
6/5/26,LAA,,LAD,
6/5/26,TBR,,MIA,
6/5/26,KCR,,MIN,
6/5/26,BOS,,NYY,
6/5/26,CHW,,PHI,
6/5/26,NYM,,SDP,
6/5/26,CIN,,STL,
6/5/26,CLE,,TEX,
6/5/26,BAL,,TOR,
6/6/26,WSN,,ARI,
6/6/26,PIT,,ATL,
6/6/26,SFG,,CHC,
6/6/26,MIL,,COL,
6/6/26,SEA,,DET,
6/6/26,ATH,,HOU,
6/6/26,LAA,,LAD,
6/6/26,TBR,,MIA,
6/6/26,KCR,,MIN,
6/6/26,BOS,,NYY,
6/6/26,CHW,,PHI,
6/6/26,NYM,,SDP,
6/6/26,CIN,,STL,
6/6/26,CLE,,TEX,
6/6/26,BAL,,TOR,
6/7/26,WSN,,ARI,
6/7/26,PIT,,ATL,
6/7/26,SFG,,CHC,
6/7/26,MIL,,COL,
6/7/26,SEA,,DET,
6/7/26,ATH,,HOU,
6/7/26,LAA,,LAD,
6/7/26,TBR,,MIA,
6/7/26,KCR,,MIN,
6/7/26,BOS,,NYY,
6/7/26,CHW,,PHI,
6/7/26,NYM,,SDP,
6/7/26,CIN,,STL,
6/7/26,CLE,,TEX,
6/7/26,BAL,,TOR,
6/8/26,MIL,,ATH,
6/8/26,SEA,,BAL,
6/8/26,NYY,,CLE,
6/8/26,HOU,,LAA,
6/8/26,CIN,,SDP,
6/8/26,WSN,,SFG,
6/8/26,BOS,,TBR,
6/8/26,PHI,,TOR,
6/9/26,MIL,,ATH,
6/9/26,SEA,,BAL,
6/9/26,ATL,,CHW,
6/9/26,NYY,,CLE,
6/9/26,CHC,,COL,
6/9/26,MIN,,DET,
6/9/26,TEX,,KCR,
6/9/26,HOU,,LAA,
6/9/26,ARI,,MIA,
6/9/26,STL,,NYM,
6/9/26,LAD,,PIT,
6/9/26,CIN,,SDP,
6/9/26,WSN,,SFG,
6/9/26,BOS,,TBR,
6/9/26,PHI,,TOR,
6/10/26,MIL,,ATH,
6/10/26,SEA,,BAL,
6/10/26,ATL,,CHW,
6/10/26,NYY,,CLE,
6/10/26,CHC,,COL,
6/10/26,MIN,,DET,
6/10/26,TEX,,KCR,
6/10/26,HOU,,LAA,
6/10/26,ARI,,MIA,
6/10/26,STL,,NYM,
6/10/26,LAD,,PIT,
6/10/26,CIN,,SDP,
6/10/26,WSN,,SFG,
6/10/26,BOS,,TBR,
6/10/26,PHI,,TOR,
6/11/26,SEA,,BAL,
6/11/26,ATL,,CHW,
6/11/26,CHC,,COL,
6/11/26,MIN,,DET,
6/11/26,TEX,,KCR,
6/11/26,ARI,,MIA,
6/11/26,STL,,NYM,
6/11/26,LAD,,PIT,
6/12/26,COL,,ATH,
6/12/26,SDP,,BAL,
6/12/26,TEX,,BOS,
6/12/26,LAD,,CHW,
6/12/26,ARI,,CIN,
6/12/26,DET,,CLE,
6/12/26,HOU,,KCR,
6/12/26,TBR,,LAA,
6/12/26,PHI,,MIL,
6/12/26,STL,,MIN,
6/12/26,ATL,,NYM,
6/12/26,MIA,,PIT,
6/12/26,CHC,,SFG,
6/12/26,NYY,,TOR,
6/12/26,SEA,,WSN,
6/13/26,COL,,ATH,
6/13/26,SDP,,BAL,
6/13/26,TEX,,BOS,
6/13/26,LAD,,CHW,
6/13/26,ARI,,CIN,
6/13/26,DET,,CLE,
6/13/26,HOU,,KCR,
6/13/26,TBR,,LAA,
6/13/26,PHI,,MIL,
6/13/26,STL,,MIN,
6/13/26,ATL,,NYM,
6/13/26,MIA,,PIT,
6/13/26,CHC,,SFG,
6/13/26,NYY,,TOR,
6/13/26,SEA,,WSN,
6/14/26,COL,,ATH,
6/14/26,SDP,,BAL,
6/14/26,TEX,,BOS,
6/14/26,LAD,,CHW,
6/14/26,ARI,,CIN,
6/14/26,DET,,CLE,
6/14/26,HOU,,KCR,
6/14/26,TBR,,LAA,
6/14/26,PHI,,MIL,
6/14/26,STL,,MIN,
6/14/26,ATL,,NYM,
6/14/26,MIA,,PIT,
6/14/26,CHC,,SFG,
6/14/26,NYY,,TOR,
6/14/26,SEA,,WSN,
6/15/26,LAA,,ARI,
6/15/26,PIT,,ATH,
6/15/26,COL,,CHC,
6/15/26,NYM,,CIN,
6/15/26,DET,,HOU,
6/15/26,TBR,,LAD,
6/15/26,MIA,,PHI,
6/15/26,SDP,,STL,
6/15/26,MIN,,TEX,
6/15/26,KCR,,WSN,
6/16/26,LAA,,ARI,
6/16/26,PIT,,ATH,
6/16/26,SFG,,ATL,
6/16/26,TOR,,BOS,
6/16/26,COL,,CHC,
6/16/26,NYM,,CIN,
6/16/26,DET,,HOU,
6/16/26,TBR,,LAD,
6/16/26,CLE,,MIL,
6/16/26,CHW,,NYY,
6/16/26,MIA,,PHI,
6/16/26,BAL,,SEA,
6/16/26,SDP,,STL,
6/16/26,MIN,,TEX,
6/16/26,KCR,,WSN,
6/17/26,LAA,,ARI,
6/17/26,PIT,,ATH,
6/17/26,SFG,,ATL,
6/17/26,TOR,,BOS,
6/17/26,COL,,CHC,
6/17/26,NYM,,CIN,
6/17/26,DET,,HOU,
6/17/26,TBR,,LAD,
6/17/26,CLE,,MIL,
6/17/26,CHW,,NYY,
6/17/26,MIA,,PHI,
6/17/26,BAL,,SEA,
6/17/26,SDP,,STL,
6/17/26,KCR,,WSN,
6/18/26,LAA,,ATH,
6/18/26,SFG,,ATL,
6/18/26,TOR,,BOS,
6/18/26,STL,,KCR,
6/18/26,CLE,,MIL,
6/18/26,CHW,,NYY,
6/18/26,NYM,,PHI,
6/18/26,BAL,,SEA,
6/18/26,MIN,,TEX,
6/19/26,MIN,,ARI,
6/19/26,LAA,,ATH,
6/19/26,MIL,,ATL,
6/19/26,TOR,,CHC,
6/19/26,PIT,,COL,
6/19/26,CHW,,DET,
6/19/26,CLE,,HOU,
6/19/26,STL,,KCR,
6/19/26,BAL,,LAD,
6/19/26,SFG,,MIA,
6/19/26,CIN,,NYY,
6/19/26,BOS,,SEA,
6/19/26,WSN,,TBR,
6/19/26,SDP,,TEX,
6/20/26,MIN,,ARI,
6/20/26,LAA,,ATH,
6/20/26,MIL,,ATL,
6/20/26,TOR,,CHC,
6/20/26,PIT,,COL,
6/20/26,CHW,,DET,
6/20/26,CLE,,HOU,
6/20/26,BAL,,LAD,
6/20/26,SFG,,MIA,
6/20/26,CIN,,NYY,
6/20/26,NYM,,PHI,
6/20/26,BOS,,SEA,
6/20/26,WSN,,TBR,
6/20/26,SDP,,TEX,
6/21/26,MIN,,ARI,
6/21/26,LAA,,ATH,
6/21/26,MIL,,ATL,
6/21/26,TOR,,CHC,
6/21/26,PIT,,COL,
6/21/26,CHW,,DET,
6/21/26,CLE,,HOU,
6/21/26,STL,,KCR,
6/21/26,BAL,,LAD,
6/21/26,SFG,,MIA,
6/21/26,CIN,,NYY,
6/21/26,NYM,,PHI,
6/21/26,BOS,,SEA,
6/21/26,WSN,,TBR,
6/21/26,SDP,,TEX,
6/22/26,CLE,,CHW,
6/22/26,MIL,,CIN,
6/22/26,BOS,,COL,
6/22/26,NYY,,DET,
6/22/26,BAL,,LAA,
6/22/26,TEX,,MIA,
6/22/26,LAD,,MIN,
6/22/26,CHC,,NYM,
6/22/26,ATL,,SDP,
6/22/26,ARI,,STL,
6/22/26,KCR,,TBR,
6/22/26,HOU,,TOR,
6/22/26,PHI,,WSN,
6/23/26,CLE,,CHW,
6/23/26,MIL,,CIN,
6/23/26,BOS,,COL,
6/23/26,NYY,,DET,
6/23/26,BAL,,LAA,
6/23/26,TEX,,MIA,
6/23/26,LAD,,MIN,
6/23/26,CHC,,NYM,
6/23/26,SEA,,PIT,
6/23/26,ATL,,SDP,
6/23/26,ATH,,SFG,
6/23/26,ARI,,STL,
6/23/26,KCR,,TBR,
6/23/26,HOU,,TOR,
6/23/26,PHI,,WSN,
6/24/26,CLE,,CHW,
6/24/26,MIL,,CIN,
6/24/26,BOS,,COL,
6/24/26,NYY,,DET,
6/24/26,BAL,,LAA,
6/24/26,TEX,,MIA,
6/24/26,LAD,,MIN,
6/24/26,CHC,,NYM,
6/24/26,SEA,,PIT,
6/24/26,ATL,,SDP,
6/24/26,ATH,,SFG,
6/24/26,ARI,,STL,
6/24/26,KCR,,TBR,
6/24/26,HOU,,TOR,
6/24/26,PHI,,WSN,
6/25/26,NYY,,BOS,
6/25/26,HOU,,DET,
6/25/26,CHC,,NYM,
6/25/26,SEA,,PIT,
6/25/26,ATH,,SFG,
6/25/26,ARI,,STL,
6/25/26,KCR,,TBR,
6/25/26,TEX,,TOR,
6/25/26,PHI,,WSN,
6/26/26,WSN,,BAL,
6/26/26,NYY,,BOS,
6/26/26,KCR,,CHW,
6/26/26,SEA,,CLE,
6/26/26,HOU,,DET,
6/26/26,ATH,,LAA,
6/26/26,CHC,,MIL,
6/26/26,COL,,MIN,
6/26/26,PHI,,NYM,
6/26/26,CIN,,PIT,
6/26/26,LAD,,SDP,
6/26/26,ATL,,SFG,
6/26/26,MIA,,STL,
6/26/26,ARI,,TBR,
6/26/26,TEX,,TOR,
6/27/26,WSN,,BAL,
6/27/26,NYY,,BOS,
6/27/26,KCR,,CHW,
6/27/26,SEA,,CLE,
6/27/26,HOU,,DET,
6/27/26,ATH,,LAA,
6/27/26,CHC,,MIL,
6/27/26,COL,,MIN,
6/27/26,PHI,,NYM,
6/27/26,CIN,,PIT,
6/27/26,LAD,,SDP,
6/27/26,ATL,,SFG,
6/27/26,MIA,,STL,
6/27/26,ARI,,TBR,
6/27/26,TEX,,TOR,
6/28/26,WSN,,BAL,
6/28/26,NYY,,BOS,
6/28/26,KCR,,CHW,
6/28/26,SEA,,CLE,
6/28/26,HOU,,DET,
6/28/26,ATH,,LAA,
6/28/26,CHC,,MIL,
6/28/26,COL,,MIN,
6/28/26,PHI,,NYM,
6/28/26,CIN,,PIT,
6/28/26,LAD,,SDP,
6/28/26,ATL,,SFG,
6/28/26,MIA,,STL,
6/28/26,ARI,,TBR,
6/28/26,TEX,,TOR,
6/29/26,SFG,,ARI,
6/29/26,LAD,,ATH,
6/29/26,CHW,,BAL,
6/29/26,WSN,,BOS,
6/29/26,SDP,,CHC,
6/29/26,TEX,,CLE,
6/29/26,MIA,,COL,
6/29/26,MIN,,HOU,
6/29/26,CIN,,MIL,
6/29/26,DET,,NYY,
6/29/26,PIT,,PHI,
6/29/26,LAA,,SEA,
6/29/26,NYM,,TOR,
6/30/26,SFG,,ARI,
6/30/26,LAD,,ATH,
6/30/26,STL,,ATL,
6/30/26,CHW,,BAL,
6/30/26,WSN,,BOS,
6/30/26,SDP,,CHC,
6/30/26,TEX,,CLE,
6/30/26,MIA,,COL,
6/30/26,MIN,,HOU,
6/30/26,TBR,,KCR,
6/30/26,CIN,,MIL,
6/30/26,DET,,NYY,
6/30/26,PIT,,PHI,
6/30/26,LAA,,SEA,
6/30/26,NYM,,TOR,
7/1/26,SFG,,ARI,
7/1/26,LAD,,ATH,
7/1/26,STL,,ATL,
7/1/26,CHW,,BAL,
7/1/26,WSN,,BOS,
7/1/26,SDP,,CHC,
7/1/26,TEX,,CLE,
7/1/26,MIA,,COL,
7/1/26,MIN,,HOU,
7/1/26,TBR,,KCR,
7/1/26,CIN,,MIL,
7/1/26,DET,,NYY,
7/1/26,PIT,,PHI,
7/1/26,NYM,,TOR,
7/2/26,STL,,ATL,
7/2/26,CHW,,CLE,
7/2/26,MIA,,COL,
7/2/26,TBR,,KCR,
7/2/26,SDP,,LAD,
7/2/26,CIN,,MIL,
7/2/26,PIT,,PHI,
7/2/26,LAA,,SEA,
7/2/26,DET,,TEX,
7/3/26,MIL,,ARI,
7/3/26,MIA,,ATH,
7/3/26,NYM,,ATL,
7/3/26,STL,,CHC,
7/3/26,BAL,,CIN,
7/3/26,CHW,,CLE,
7/3/26,SFG,,COL,
7/3/26,TBR,,HOU,
7/3/26,BOS,,LAA,
7/3/26,SDP,,LAD,
7/3/26,MIN,,NYY,
7/3/26,TOR,,SEA,
7/3/26,PIT,,WSN,
7/4/26,MIL,,ARI,
7/4/26,MIA,,ATH,
7/4/26,NYM,,ATL,
7/4/26,STL,,CHC,
7/4/26,BAL,,CIN,
7/4/26,CHW,,CLE,
7/4/26,SFG,,COL,
7/4/26,TBR,,HOU,
7/4/26,PHI,,KCR,
7/4/26,BOS,,LAA,
7/4/26,SDP,,LAD,
7/4/26,MIN,,NYY,
7/4/26,TOR,,SEA,
7/4/26,DET,,TEX,
7/4/26,PIT,,WSN,
7/5/26,MIL,,ARI,
7/5/26,MIA,,ATH,
7/5/26,NYM,,ATL,
7/5/26,STL,,CHC,
7/5/26,BAL,,CIN,
7/5/26,CHW,,CLE,
7/5/26,SFG,,COL,
7/5/26,TBR,,HOU,
7/5/26,PHI,,KCR,
7/5/26,BOS,,LAA,
7/5/26,SDP,,LAD,
7/5/26,MIN,,NYY,
7/5/26,TOR,,SEA,
7/5/26,DET,,TEX,
7/5/26,PIT,,WSN,
7/6/26,NYM,,ATL,
7/6/26,PHI,,KCR,
7/6/26,COL,,LAD,
7/6/26,ARI,,SDP,
7/6/26,TOR,,SFG,
7/6/26,MIL,,STL,
7/6/26,NYY,,TBR,
7/6/26,HOU,,WSN,
7/7/26,CHC,,BAL,
7/7/26,BOS,,CHW,
7/7/26,PHI,,CIN,
7/7/26,ATH,,DET,
7/7/26,COL,,LAD,
7/7/26,SEA,,MIA,
7/7/26,CLE,,MIN,
7/7/26,KCR,,NYM,
7/7/26,ATL,,PIT,
7/7/26,ARI,,SDP,
7/7/26,TOR,,SFG,
7/7/26,MIL,,STL,
7/7/26,MIL,,STL,
7/7/26,NYY,,TBR,
7/7/26,LAA,,TEX,
7/7/26,HOU,,WSN,
7/8/26,CHC,,BAL,
7/8/26,BOS,,CHW,
7/8/26,PHI,,CIN,
7/8/26,ATH,,DET,
7/8/26,COL,,LAD,
7/8/26,SEA,,MIA,
7/8/26,CLE,,MIN,
7/8/26,KCR,,NYM,
7/8/26,ATL,,PIT,
7/8/26,ARI,,SDP,
7/8/26,TOR,,SFG,
7/8/26,MIL,,STL,
7/8/26,NYY,,TBR,
7/8/26,LAA,,TEX,
7/8/26,HOU,,WSN,
7/9/26,CHC,,BAL,
7/9/26,BOS,,CHW,
7/9/26,PHI,,CIN,
7/9/26,ATH,,DET,
7/9/26,SEA,,MIA,
7/9/26,CLE,,MIN,
7/9/26,KCR,,NYM,
7/9/26,ATL,,PIT,
7/9/26,ARI,,SDP,
7/9/26,COL,,SFG,
7/9/26,MIL,,STL,
7/9/26,NYY,,TBR,
7/9/26,LAA,,TEX,
7/10/26,KCR,,BAL,
7/10/26,ATH,,CHW,
7/10/26,CHC,,CIN,
7/10/26,PHI,,DET,
7/10/26,ARI,,LAD,
7/10/26,CLE,,MIA,
7/10/26,LAA,,MIN,
7/10/26,BOS,,NYM,
7/10/26,MIL,,PIT,
7/10/26,TOR,,SDP,
7/10/26,COL,,SFG,
7/10/26,ATL,,STL,
7/10/26,SEA,,TBR,
7/10/26,HOU,,TEX,
7/10/26,NYY,,WSN,
7/11/26,KCR,,BAL,
7/11/26,ATH,,CHW,
7/11/26,CHC,,CIN,
7/11/26,PHI,,DET,
7/11/26,ARI,,LAD,
7/11/26,CLE,,MIA,
7/11/26,LAA,,MIN,
7/11/26,BOS,,NYM,
7/11/26,MIL,,PIT,
7/11/26,TOR,,SDP,
7/11/26,COL,,SFG,
7/11/26,ATL,,STL,
7/11/26,SEA,,TBR,
7/11/26,HOU,,TEX,
7/11/26,NYY,,WSN,
7/12/26,KCR,,BAL,
7/12/26,ATH,,CHW,
7/12/26,CHC,,CIN,
7/12/26,PHI,,DET,
7/12/26,ARI,,LAD,
7/12/26,CLE,,MIA,
7/12/26,LAA,,MIN,
7/12/26,BOS,,NYM,
7/12/26,MIL,,PIT,
7/12/26,TOR,,SDP,
7/12/26,COL,,SFG,
7/12/26,ATL,,STL,
7/12/26,SEA,,TBR,
7/12/26,HOU,,TEX,
7/12/26,NYY,,WSN,
7/16/26,NYM,,PHI,
7/17/26,STL,,ARI,
7/17/26,WSN,,ATH,
7/17/26,TEX,,ATL,
7/17/26,TBR,,BOS,
7/17/26,TBR,,BOS,
7/17/26,MIN,,CHC,
7/17/26,PIT,,CLE,
7/17/26,CIN,,COL,
7/17/26,BAL,,HOU,
7/17/26,SDP,,KCR,
7/17/26,DET,,LAA,
7/17/26,MIA,,MIL,
7/17/26,LAD,,NYY,
7/17/26,SFG,,SEA,
7/17/26,CHW,,TOR,
7/18/26,STL,,ARI,
7/18/26,WSN,,ATH,
7/18/26,TEX,,ATL,
7/18/26,TBR,,BOS,
7/18/26,MIN,,CHC,
7/18/26,PIT,,CLE,
7/18/26,CIN,,COL,
7/18/26,BAL,,HOU,
7/18/26,SDP,,KCR,
7/18/26,DET,,LAA,
7/18/26,MIA,,MIL,
7/18/26,LAD,,NYY,
7/18/26,NYM,,PHI,
7/18/26,SFG,,SEA,
7/18/26,CHW,,TOR,
7/19/26,STL,,ARI,
7/19/26,WSN,,ATH,
7/19/26,TEX,,ATL,
7/19/26,TBR,,BOS,
7/19/26,MIN,,CHC,
7/19/26,PIT,,CLE,
7/19/26,CIN,,COL,
7/19/26,BAL,,HOU,
7/19/26,SDP,,KCR,
7/19/26,DET,,LAA,
7/19/26,MIA,,MIL,
7/19/26,LAD,,NYY,
7/19/26,NYM,,PHI,
7/19/26,SFG,,SEA,
7/19/26,CHW,,TOR,
7/20/26,ATH,,ARI,
7/20/26,SDP,,ATL,
7/20/26,BAL,,BOS,
7/20/26,DET,,CHC,
7/20/26,MIN,,CLE,
7/20/26,WSN,,COL,
7/20/26,MIA,,HOU,
7/20/26,SFG,,KCR,
7/20/26,STL,,LAA,
7/20/26,NYM,,MIL,
7/20/26,PIT,,NYY,
7/20/26,LAD,,PHI,
7/20/26,CIN,,SEA,
7/20/26,CHW,,TEX,
7/20/26,TBR,,TOR,
7/21/26,ATH,,ARI,
7/21/26,SDP,,ATL,
7/21/26,BAL,,BOS,
7/21/26,DET,,CHC,
7/21/26,MIN,,CLE,
7/21/26,WSN,,COL,
7/21/26,MIA,,HOU,
7/21/26,SFG,,KCR,
7/21/26,STL,,LAA,
7/21/26,NYM,,MIL,
7/21/26,PIT,,NYY,
7/21/26,LAD,,PHI,
7/21/26,CIN,,SEA,
7/21/26,CHW,,TEX,
7/21/26,TBR,,TOR,
7/22/26,ATH,,ARI,
7/22/26,SDP,,ATL,
7/22/26,BAL,,BOS,
7/22/26,DET,,CHC,
7/22/26,MIN,,CLE,
7/22/26,WSN,,COL,
7/22/26,MIA,,HOU,
7/22/26,SFG,,KCR,
7/22/26,STL,,LAA,
7/22/26,NYM,,MIL,
7/22/26,PIT,,NYY,
7/22/26,LAD,,PHI,
7/22/26,CIN,,SEA,
7/22/26,CHW,,TEX,
7/22/26,TBR,,TOR,
7/23/26,SDP,,ATL,
7/23/26,MIN,,CLE,
7/23/26,KCR,,DET,
7/23/26,TBR,,TOR,
7/24/26,ATL,,BAL,
7/24/26,TOR,,BOS,
7/24/26,HOU,,CHW,
7/24/26,KCR,,DET,
7/24/26,SDP,,MIA,
7/24/26,COL,,MIL,
7/24/26,ATH,,MIN,
7/24/26,LAD,,NYM,
7/24/26,NYY,,PHI,
7/24/26,CHC,,PIT,
7/24/26,LAA,,SFG,
7/24/26,CIN,,STL,
7/24/26,CLE,,TBR,
7/24/26,SEA,,TEX,
7/24/26,ARI,,WSN,
7/25/26,ATL,,BAL,
7/25/26,TOR,,BOS,
7/25/26,HOU,,CHW,
7/25/26,KCR,,DET,
7/25/26,SDP,,MIA,
7/25/26,COL,,MIL,
7/25/26,ATH,,MIN,
7/25/26,LAD,,NYM,
7/25/26,NYY,,PHI,
7/25/26,CHC,,PIT,
7/25/26,LAA,,SFG,
7/25/26,CIN,,STL,
7/25/26,CLE,,TBR,
7/25/26,SEA,,TEX,
7/25/26,ARI,,WSN,
7/26/26,ATL,,BAL,
7/26/26,TOR,,BOS,
7/26/26,HOU,,CHW,
7/26/26,KCR,,DET,
7/26/26,SDP,,MIA,
7/26/26,COL,,MIL,
7/26/26,ATH,,MIN,
7/26/26,LAD,,NYM,
7/26/26,NYY,,PHI,
7/26/26,CHC,,PIT,
7/26/26,LAA,,SFG,
7/26/26,CIN,,STL,
7/26/26,CLE,,TBR,
7/26/26,SEA,,TEX,
7/26/26,ARI,,WSN,
7/27/26,BOS,,ATH,
7/27/26,NYY,,CHW,
7/27/26,CLE,,CIN,
7/27/26,BAL,,DET,
7/27/26,HOU,,LAA,
7/27/26,PHI,,MIA,
7/27/26,ATL,,NYM,
7/27/26,ARI,,PIT,
7/27/26,MIL,,SFG,
7/27/26,CHC,,STL,
7/27/26,SEA,,TEX,
7/27/26,TOR,,WSN,
7/28/26,BOS,,ATH,
7/28/26,NYY,,CHW,
7/28/26,CLE,,CIN,
7/28/26,BAL,,DET,
7/28/26,HOU,,LAA,
7/28/26,SEA,,LAD,
7/28/26,PHI,,MIA,
7/28/26,KCR,,MIN,
7/28/26,ATL,,NYM,
7/28/26,ARI,,PIT,
7/28/26,COL,,SDP,
7/28/26,MIL,,SFG,
7/28/26,CHC,,STL,
7/28/26,TEX,,TBR,
7/28/26,TOR,,WSN,
7/29/26,BOS,,ATH,
7/29/26,NYY,,CHW,
7/29/26,CLE,,CIN,
7/29/26,BAL,,DET,
7/29/26,HOU,,LAA,
7/29/26,SEA,,LAD,
7/29/26,PHI,,MIA,
7/29/26,KCR,,MIN,
7/29/26,ATL,,NYM,
7/29/26,ARI,,PIT,
7/29/26,COL,,SDP,
7/29/26,MIL,,SFG,
7/29/26,CHC,,STL,
7/29/26,TEX,,TBR,
7/29/26,TOR,,WSN,
7/30/26,BOS,,ATH,
7/30/26,WSN,,ATL,
7/30/26,NYY,,CHW,
7/30/26,PIT,,CIN,
7/30/26,SEA,,LAD,
7/30/26,KCR,,MIN,
7/30/26,MIA,,NYM,
7/30/26,SFG,,SDP,
7/30/26,CHC,,STL,
7/30/26,TEX,,TBR,
7/31/26,DET,,ATH,
7/31/26,WSN,,ATL,
7/31/26,PHI,,BAL,
7/31/26,NYY,,CHC,
7/31/26,PIT,,CIN,
7/31/26,ARI,,CLE,
7/31/26,KCR,,COL,
7/31/26,TEX,,HOU,
7/31/26,MIL,,LAA,
7/31/26,BOS,,LAD,
7/31/26,MIA,,NYM,
7/31/26,SFG,,SDP,
7/31/26,MIN,,SEA,
7/31/26,CHW,,TBR,
7/31/26,STL,,TOR,
8/1/26,DET,,ATH,
8/1/26,WSN,,ATL,
8/1/26,PHI,,BAL,
8/1/26,NYY,,CHC,
8/1/26,PIT,,CIN,
8/1/26,ARI,,CLE,
8/1/26,KCR,,COL,
8/1/26,TEX,,HOU,
8/1/26,MIL,,LAA,
8/1/26,BOS,,LAD,
8/1/26,MIA,,NYM,
8/1/26,SFG,,SDP,
8/1/26,MIN,,SEA,
8/1/26,CHW,,TBR,
8/1/26,STL,,TOR,
8/2/26,DET,,ATH,
8/2/26,WSN,,ATL,
8/2/26,PHI,,BAL,
8/2/26,NYY,,CHC,
8/2/26,PIT,,CIN,
8/2/26,ARI,,CLE,
8/2/26,KCR,,COL,
8/2/26,TEX,,HOU,
8/2/26,MIL,,LAA,
8/2/26,BOS,,LAD,
8/2/26,MIA,,NYM,
8/2/26,SFG,,SDP,
8/2/26,MIN,,SEA,
8/2/26,CHW,,TBR,
8/2/26,STL,,TOR,
8/3/26,SDP,,ARI,
8/3/26,LAD,,CHC,
8/3/26,TBR,,COL,
8/3/26,TOR,,HOU,
8/3/26,PIT,,MIL,
8/3/26,STL,,NYY,
8/3/26,WSN,,PHI,
8/3/26,SFG,,TEX,
8/4/26,SDP,,ARI,
8/4/26,MIA,,ATL,
8/4/26,LAA,,BAL,
8/4/26,CHW,,BOS,
8/4/26,LAD,,CHC,
8/4/26,ATH,,CIN,
8/4/26,NYM,,CLE,
8/4/26,TBR,,COL,
8/4/26,TOR,,HOU,
8/4/26,MIN,,KCR,
8/4/26,PIT,,MIL,
8/4/26,STL,,NYY,
8/4/26,WSN,,PHI,
8/4/26,DET,,SEA,
8/4/26,SFG,,TEX,
8/5/26,SDP,,ARI,
8/5/26,MIA,,ATL,
8/5/26,LAA,,BAL,
8/5/26,CHW,,BOS,
8/5/26,LAD,,CHC,
8/5/26,ATH,,CIN,
8/5/26,NYM,,CLE,
8/5/26,TBR,,COL,
8/5/26,TOR,,HOU,
8/5/26,MIN,,KCR,
8/5/26,PIT,,MIL,
8/5/26,STL,,NYY,
8/5/26,WSN,,PHI,
8/5/26,DET,,SEA,
8/5/26,SFG,,TEX,
8/6/26,SDP,,ARI,
8/6/26,MIA,,ATL,
8/6/26,LAA,,BAL,
8/6/26,CHW,,BOS,
8/6/26,ATH,,CIN,
8/6/26,NYM,,CLE,
8/6/26,MIN,,KCR,
8/6/26,PIT,,MIL,
8/6/26,WSN,,PHI,
8/6/26,DET,,SEA,
8/7/26,LAD,,ARI,
8/7/26,ATH,,BOS,
8/7/26,CLE,,CHW,
8/7/26,CHC,,KCR,
8/7/26,LAA,,MIA,
8/7/26,MIN,,MIL,
8/7/26,ATL,,NYY,
8/7/26,TOR,,PHI,
8/7/26,NYM,,PIT,
8/7/26,HOU,,SDP,
8/7/26,TBR,,SEA,
8/7/26,DET,,SFG,
8/7/26,COL,,STL,
8/7/26,BAL,,TEX,
8/7/26,CIN,,WSN,
8/8/26,LAD,,ARI,
8/8/26,ATH,,BOS,
8/8/26,CLE,,CHW,
8/8/26,CHC,,KCR,
8/8/26,LAA,,MIA,
8/8/26,MIN,,MIL,
8/8/26,ATL,,NYY,
8/8/26,TOR,,PHI,
8/8/26,NYM,,PIT,
8/8/26,HOU,,SDP,
8/8/26,TBR,,SEA,
8/8/26,DET,,SFG,
8/8/26,COL,,STL,
8/8/26,BAL,,TEX,
8/8/26,CIN,,WSN,
8/9/26,LAD,,ARI,
8/9/26,ATH,,BOS,
8/9/26,CLE,,CHW,
8/9/26,CHC,,KCR,
8/9/26,LAA,,MIA,
8/9/26,MIN,,MIL,
8/9/26,ATL,,NYY,
8/9/26,TOR,,PHI,
8/9/26,NYM,,PIT,
8/9/26,HOU,,SDP,
8/9/26,TBR,,SEA,
8/9/26,DET,,SFG,
8/9/26,COL,,STL,
8/9/26,BAL,,TEX,
8/9/26,CIN,,WSN,
8/10/26,COL,,ARI,
8/10/26,TBR,,ATH,
8/10/26,NYM,,ATL,
8/10/26,TEX,,LAA,
8/10/26,KCR,,LAD,
8/10/26,BAL,,MIN,
8/10/26,MIL,,SDP,
8/10/26,HOU,,SFG,
8/10/26,PHI,,STL,
8/10/26,BOS,,TOR,
8/11/26,COL,,ARI,
8/11/26,TBR,,ATH,
8/11/26,NYM,,ATL,
8/11/26,CIN,,CHW,
8/11/26,CLE,,DET,
8/11/26,TEX,,LAA,
8/11/26,KCR,,LAD,
8/11/26,PIT,,MIA,
8/11/26,BAL,,MIN,
8/11/26,SEA,,NYY,
8/11/26,MIL,,SDP,
8/11/26,HOU,,SFG,
8/11/26,PHI,,STL,
8/11/26,BOS,,TOR,
8/11/26,CHC,,WSN,
8/12/26,COL,,ARI,
8/12/26,TBR,,ATH,
8/12/26,NYM,,ATL,
8/12/26,CIN,,CHW,
8/12/26,CLE,,DET,
8/12/26,TEX,,LAA,
8/12/26,KCR,,LAD,
8/12/26,PIT,,MIA,
8/12/26,BAL,,MIN,
8/12/26,SEA,,NYY,
8/12/26,MIL,,SDP,
8/12/26,HOU,,SFG,
8/12/26,PHI,,STL,
8/12/26,BOS,,TOR,
8/12/26,CHC,,WSN,
8/13/26,CIN,,CHW,
8/13/26,CLE,,DET,
8/13/26,TEX,,LAA,
8/13/26,MIL,,LAD,
8/13/26,PIT,,MIA,
8/13/26,PHI,,MIN,
8/13/26,SEA,,NYY,
8/13/26,BOS,,TOR,
8/13/26,CHC,,WSN,
8/14/26,TEX,,ATH,
8/14/26,ARI,,ATL,
8/14/26,STL,,CHC,
8/14/26,MIA,,CIN,
8/14/26,SDP,,CLE,
8/14/26,CHW,,DET,
8/14/26,SEA,,HOU,
8/14/26,KCR,,LAA,
8/14/26,MIL,,LAD,
8/14/26,WSN,,NYM,
8/14/26,BOS,,PIT,
8/14/26,COL,,SFG,
8/14/26,BAL,,TBR,
8/14/26,NYY,,TOR,
8/15/26,TEX,,ATH,
8/15/26,ARI,,ATL,
8/15/26,STL,,CHC,
8/15/26,MIA,,CIN,
8/15/26,SDP,,CLE,
8/15/26,CHW,,DET,
8/15/26,SEA,,HOU,
8/15/26,KCR,,LAA,
8/15/26,MIL,,LAD,
8/15/26,PHI,,MIN,
8/15/26,WSN,,NYM,
8/15/26,BOS,,PIT,
8/15/26,COL,,SFG,
8/15/26,BAL,,TBR,
8/15/26,NYY,,TOR,
8/16/26,TEX,,ATH,
8/16/26,ARI,,ATL,
8/16/26,STL,,CHC,
8/16/26,MIA,,CIN,
8/16/26,SDP,,CLE,
8/16/26,CHW,,DET,
8/16/26,SEA,,HOU,
8/16/26,KCR,,LAA,
8/16/26,MIL,,LAD,
8/16/26,PHI,,MIN,
8/16/26,WSN,,NYM,
8/16/26,BOS,,PIT,
8/16/26,COL,,SFG,
8/16/26,BAL,,TBR,
8/16/26,NYY,,TOR,
8/17/26,ARI,,BOS,
8/17/26,CHW,,CHC,
8/17/26,STL,,CIN,
8/17/26,STL,,CIN,
8/17/26,LAD,,COL,
8/17/26,ATH,,KCR,
8/17/26,ATL,,MIN,
8/17/26,SDP,,NYM,
8/17/26,MIA,,PHI,
8/17/26,DET,,PIT,
8/17/26,BAL,,TBR,
8/18/26,NYY,,BAL,
8/18/26,ARI,,BOS,
8/18/26,CHW,,CHC,
8/18/26,STL,,CIN,
8/18/26,SFG,,CLE,
8/18/26,LAD,,COL,
8/18/26,LAA,,HOU,
8/18/26,ATH,,KCR,
8/18/26,SEA,,MIL,
8/18/26,ATL,,MIN,
8/18/26,SDP,,NYM,
8/18/26,MIA,,PHI,
8/18/26,DET,,PIT,
8/18/26,TOR,,TBR,
8/18/26,WSN,,TEX,
8/19/26,NYY,,BAL,
8/19/26,ARI,,BOS,
8/19/26,CHW,,CHC,
8/19/26,STL,,CIN,
8/19/26,SFG,,CLE,
8/19/26,LAD,,COL,
8/19/26,LAA,,HOU,
8/19/26,ATH,,KCR,
8/19/26,SEA,,MIL,
8/19/26,ATL,,MIN,
8/19/26,SDP,,NYM,
8/19/26,MIA,,PHI,
8/19/26,DET,,PIT,
8/19/26,TOR,,TBR,
8/19/26,WSN,,TEX,
8/20/26,NYY,,BAL,
8/20/26,STL,,CIN,
8/20/26,SFG,,CLE,
8/20/26,LAA,,HOU,
8/20/26,ATH,,KCR,
8/20/26,SEA,,MIL,
8/20/26,TOR,,TBR,
8/20/26,WSN,,TEX,
8/21/26,CIN,,ARI,
8/21/26,TBR,,BAL,
8/21/26,SFG,,BOS,
8/21/26,NYM,,CHW,
8/21/26,CLE,,COL,
8/21/26,ATH,,HOU,
8/21/26,DET,,KCR,
8/21/26,PIT,,LAD,
8/21/26,WSN,,MIA,
8/21/26,ATL,,MIL,
8/21/26,TOR,,NYY,
8/21/26,STL,,PHI,
8/21/26,MIN,,SDP,
8/21/26,CHC,,SEA,
8/21/26,LAA,,TEX,
8/22/26,CIN,,ARI,
8/22/26,TBR,,BAL,
8/22/26,SFG,,BOS,
8/22/26,NYM,,CHW,
8/22/26,CLE,,COL,
8/22/26,ATH,,HOU,
8/22/26,DET,,KCR,
8/22/26,PIT,,LAD,
8/22/26,WSN,,MIA,
8/22/26,ATL,,MIL,
8/22/26,TOR,,NYY,
8/22/26,STL,,PHI,
8/22/26,MIN,,SDP,
8/22/26,CHC,,SEA,
8/22/26,LAA,,TEX,
8/23/26,CIN,,ARI,
8/23/26,TBR,,BAL,
8/23/26,SFG,,BOS,
8/23/26,NYM,,CHW,
8/23/26,CLE,,COL,
8/23/26,ATH,,HOU,
8/23/26,DET,,KCR,
8/23/26,PIT,,LAD,
8/23/26,WSN,,MIA,
8/23/26,ATL,,MIL,
8/23/26,TOR,,NYY,
8/23/26,STL,,PHI,
8/23/26,MIN,,SDP,
8/23/26,CHC,,SEA,
8/23/26,LAA,,TEX,
8/24/26,CHC,,ARI,
8/24/26,MIN,,ATH,
8/24/26,TEX,,CHW,
8/24/26,TBR,,DET,
8/24/26,CLE,,LAA,
8/24/26,BOS,,MIA,
8/24/26,PIT,,SDP,
8/24/26,PHI,,SEA,
8/24/26,CIN,,SFG,
8/24/26,COL,,WSN,
8/25/26,CHC,,ARI,
8/25/26,MIN,,ATH,
8/25/26,LAD,,ATL,
8/25/26,TEX,,CHW,
8/25/26,TBR,,DET,
8/25/26,CLE,,LAA,
8/25/26,BOS,,MIA,
8/25/26,MIL,,NYM,
8/25/26,HOU,,NYY,
8/25/26,PIT,,SDP,
8/25/26,PHI,,SEA,
8/25/26,CIN,,SFG,
8/25/26,BAL,,STL,
8/25/26,KCR,,TOR,
8/25/26,COL,,WSN,
8/26/26,CHC,,ARI,
8/26/26,MIN,,ATH,
8/26/26,LAD,,ATL,
8/26/26,TEX,,CHW,
8/26/26,TBR,,DET,
8/26/26,CLE,,LAA,
8/26/26,BOS,,MIA,
8/26/26,MIL,,NYM,
8/26/26,HOU,,NYY,
8/26/26,PIT,,SDP,
8/26/26,PHI,,SEA,
8/26/26,CIN,,SFG,
8/26/26,BAL,,STL,
8/26/26,KCR,,TOR,
8/26/26,COL,,WSN,
8/27/26,LAD,,ATL,
8/27/26,MIL,,NYM,
8/27/26,HOU,,NYY,
8/27/26,ARI,,SFG,
8/27/26,BAL,,STL,
8/27/26,KCR,,TOR,
8/27/26,COL,,WSN,
8/28/26,BAL,,ATH,
8/28/26,COL,,ATL,
8/28/26,CIN,,CHC,
8/28/26,KCR,,CLE,
8/28/26,LAD,,DET,
8/28/26,PHI,,LAA,
8/28/26,TEX,,MIL,
8/28/26,CHW,,MIN,
8/28/26,HOU,,NYM,
8/28/26,BOS,,NYY,
8/28/26,ARI,,SFG,
8/28/26,PIT,,STL,
8/28/26,SDP,,TBR,
8/28/26,SEA,,TOR,
8/28/26,MIA,,WSN,
8/29/26,BAL,,ATH,
8/29/26,COL,,ATL,
8/29/26,CIN,,CHC,
8/29/26,KCR,,CLE,
8/29/26,LAD,,DET,
8/29/26,PHI,,LAA,
8/29/26,TEX,,MIL,
8/29/26,CHW,,MIN,
8/29/26,HOU,,NYM,
8/29/26,BOS,,NYY,
8/29/26,ARI,,SFG,
8/29/26,PIT,,STL,
8/29/26,SDP,,TBR,
8/29/26,SEA,,TOR,
8/29/26,MIA,,WSN,
8/30/26,BAL,,ATH,
8/30/26,COL,,ATL,
8/30/26,CIN,,CHC,
8/30/26,KCR,,CLE,
8/30/26,LAD,,DET,
8/30/26,PHI,,LAA,
8/30/26,TEX,,MIL,
8/30/26,CHW,,MIN,
8/30/26,HOU,,NYM,
8/30/26,BOS,,NYY,
8/30/26,ARI,,SFG,
8/30/26,PIT,,STL,
8/30/26,SDP,,TBR,
8/30/26,SEA,,TOR,
8/30/26,MIA,,WSN,
8/31/26,PHI,,ARI,
8/31/26,SEA,,BOS,
8/31/26,MIL,,CHC,
8/31/26,SDP,,CIN,
8/31/26,BAL,,COL,
8/31/26,CHW,,HOU,
8/31/26,NYY,,LAA,
8/31/26,DET,,MIN,
8/31/26,NYM,,TBR,
8/31/26,ATH,,TEX,
8/31/26,MIA,,WSN,
9/1/26,PHI,,ARI,
9/1/26,SEA,,BOS,
9/1/26,MIL,,CHC,
9/1/26,SDP,,CIN,
9/1/26,TOR,,CLE,
9/1/26,BAL,,COL,
9/1/26,CHW,,HOU,
9/1/26,MIA,,KCR,
9/1/26,NYY,,LAA,
9/1/26,STL,,LAD,
9/1/26,DET,,MIN,
9/1/26,SFG,,PIT,
9/1/26,NYM,,TBR,
9/1/26,ATH,,TEX,
9/1/26,ATL,,WSN,
9/2/26,PHI,,ARI,
9/2/26,SEA,,BOS,
9/2/26,MIL,,CHC,
9/2/26,SDP,,CIN,
9/2/26,TOR,,CLE,
9/2/26,BAL,,COL,
9/2/26,CHW,,HOU,
9/2/26,MIA,,KCR,
9/2/26,NYY,,LAA,
9/2/26,STL,,LAD,
9/2/26,DET,,MIN,
9/2/26,SFG,,PIT,
9/2/26,NYM,,TBR,
9/2/26,ATH,,TEX,
9/2/26,ATL,,WSN,
9/3/26,BOS,,BAL,
9/3/26,MIL,,CHC,
9/3/26,TOR,,CLE,
9/3/26,CHW,,HOU,
9/3/26,MIA,,KCR,
9/3/26,STL,,LAD,
9/3/26,SFG,,PIT,
9/3/26,ATH,,SEA,
9/3/26,TBR,,TEX,
9/4/26,BOS,,BAL,
9/4/26,MIN,,CHW,
9/4/26,MIL,,CIN,
9/4/26,DET,,CLE,
9/4/26,STL,,COL,
9/4/26,ARI,,HOU,
9/4/26,TOR,,KCR,
9/4/26,WSN,,LAD,
9/4/26,CHC,,MIA,
9/4/26,SFG,,NYM,
9/4/26,ATL,,PHI,
9/4/26,LAA,,PIT,
9/4/26,NYY,,SDP,
9/4/26,ATH,,SEA,
9/4/26,TBR,,TEX,
9/5/26,BOS,,BAL,
9/5/26,MIN,,CHW,
9/5/26,MIL,,CIN,
9/5/26,DET,,CLE,
9/5/26,STL,,COL,
9/5/26,ARI,,HOU,
9/5/26,TOR,,KCR,
9/5/26,WSN,,LAD,
9/5/26,CHC,,MIA,
9/5/26,SFG,,NYM,
9/5/26,ATL,,PHI,
9/5/26,LAA,,PIT,
9/5/26,NYY,,SDP,
9/5/26,ATH,,SEA,
9/5/26,TBR,,TEX,
9/6/26,BOS,,BAL,
9/6/26,MIN,,CHW,
9/6/26,MIL,,CIN,
9/6/26,DET,,CLE,
9/6/26,STL,,COL,
9/6/26,ARI,,HOU,
9/6/26,TOR,,KCR,
9/6/26,WSN,,LAD,
9/6/26,CHC,,MIA,
9/6/26,SFG,,NYM,
9/6/26,ATL,,PHI,
9/6/26,LAA,,PIT,
9/6/26,NYY,,SDP,
9/6/26,ATH,,SEA,
9/6/26,TBR,,TEX,
9/7/26,TOR,,ATH,
9/7/26,CLE,,BAL,
9/7/26,LAA,,BOS,
9/7/26,MIN,,DET,
9/7/26,ARI,,KCR,
9/7/26,CIN,,LAD,
9/7/26,NYM,,MIA,
9/7/26,CHC,,MIL,
9/7/26,ATL,,PHI,
9/7/26,WSN,,SDP,
9/7/26,STL,,SFG,
9/8/26,TOR,,ATH,
9/8/26,TBR,,ATL,
9/8/26,CLE,,BAL,
9/8/26,LAA,,BOS,
9/8/26,PIT,,CHW,
9/8/26,MIN,,DET,
9/8/26,ARI,,KCR,
9/8/26,CIN,,LAD,
9/8/26,NYM,,MIA,
9/8/26,CHC,,MIL,
9/8/26,COL,,NYY,
9/8/26,HOU,,PHI,
9/8/26,WSN,,SDP,
9/8/26,TEX,,SEA,
9/8/26,STL,,SFG,
9/9/26,TOR,,ATH,
9/9/26,TBR,,ATL,
9/9/26,CLE,,BAL,
9/9/26,LAA,,BOS,
9/9/26,PIT,,CHW,
9/9/26,MIN,,DET,
9/9/26,ARI,,KCR,
9/9/26,CIN,,LAD,
9/9/26,NYM,,MIA,
9/9/26,CHC,,MIL,
9/9/26,COL,,NYY,
9/9/26,HOU,,PHI,
9/9/26,WSN,,SDP,
9/9/26,TEX,,SEA,
9/9/26,STL,,SFG,
9/10/26,TBR,,ATL,
9/10/26,PIT,,CHW,
9/10/26,COL,,NYY,
9/10/26,HOU,,PHI,
9/10/26,TEX,,SEA,
9/11/26,TEX,,ARI,
9/11/26,SEA,,ATH,
9/11/26,PHI,,ATL,
9/11/26,KCR,,BOS,
9/11/26,PIT,,CHC,
9/11/26,COL,,DET,
9/11/26,LAD,,MIA,
9/11/26,CIN,,MIL,
9/11/26,CLE,,MIN,
9/11/26,NYM,,NYY,
9/11/26,SDP,,SFG,
9/11/26,CHW,,STL,
9/11/26,HOU,,TBR,
9/11/26,BAL,,TOR,
9/11/26,LAA,,WSN,
9/12/26,TEX,,ARI,
9/12/26,SEA,,ATH,
9/12/26,PHI,,ATL,
9/12/26,KCR,,BOS,
9/12/26,PIT,,CHC,
9/12/26,COL,,DET,
9/12/26,LAD,,MIA,
9/12/26,CIN,,MIL,
9/12/26,CLE,,MIN,
9/12/26,NYM,,NYY,
9/12/26,SDP,,SFG,
9/12/26,CHW,,STL,
9/12/26,HOU,,TBR,
9/12/26,BAL,,TOR,
9/12/26,LAA,,WSN,
9/13/26,TEX,,ARI,
9/13/26,SEA,,ATH,
9/13/26,PHI,,ATL,
9/13/26,KCR,,BOS,
9/13/26,PIT,,CHC,
9/13/26,COL,,DET,
9/13/26,LAD,,MIA,
9/13/26,CIN,,MIL,
9/13/26,CLE,,MIN,
9/13/26,NYM,,NYY,
9/13/26,SDP,,SFG,
9/13/26,CHW,,STL,
9/13/26,HOU,,TBR,
9/13/26,BAL,,TOR,
9/13/26,LAA,,WSN,
9/14/26,MIA,,ARI,
9/14/26,ATL,,CHC,
9/14/26,LAD,,CIN,
9/14/26,CHW,,CLE,
9/14/26,SDP,,COL,
9/14/26,SEA,,LAA,
9/14/26,NYY,,MIN,
9/14/26,BAL,,NYM,
9/14/26,SFG,,STL,
9/14/26,DET,,TOR,
9/15/26,MIA,,ARI,
9/15/26,ATL,,CHC,
9/15/26,LAD,,CIN,
9/15/26,CHW,,CLE,
9/15/26,SDP,,COL,
9/15/26,KCR,,HOU,
9/15/26,SEA,,LAA,
9/15/26,NYY,,MIN,
9/15/26,BAL,,NYM,
9/15/26,MIL,,PIT,
9/15/26,SFG,,STL,
9/15/26,ATH,,TBR,
9/15/26,BOS,,TEX,
9/15/26,DET,,TOR,
9/15/26,PHI,,WSN,
9/16/26,MIA,,ARI,
9/16/26,ATL,,CHC,
9/16/26,LAD,,CIN,
9/16/26,CHW,,CLE,
9/16/26,SDP,,COL,
9/16/26,KCR,,HOU,
9/16/26,SEA,,LAA,
9/16/26,NYY,,MIN,
9/16/26,BAL,,NYM,
9/16/26,MIL,,PIT,
9/16/26,SFG,,STL,
9/16/26,ATH,,TBR,
9/16/26,BOS,,TEX,
9/16/26,DET,,TOR,
9/16/26,PHI,,WSN,
9/17/26,DET,,CHW,
9/17/26,LAD,,CIN,
9/17/26,SDP,,COL,
9/17/26,KCR,,HOU,
9/17/26,MIN,,LAA,
9/17/26,PHI,,NYM,
9/17/26,MIL,,PIT,
9/17/26,ATH,,TBR,
9/17/26,BOS,,TEX,
9/18/26,NYY,,ARI,
9/18/26,MIL,,BAL,
9/18/26,DET,,CHW,
9/18/26,CHC,,CIN,
9/18/26,ATH,,CLE,
9/18/26,SEA,,COL,
9/18/26,ATL,,HOU,
9/18/26,MIN,,LAA,
9/18/26,SFG,,LAD,
9/18/26,PHI,,NYM,
9/18/26,KCR,,PIT,
9/18/26,MIA,,SDP,
9/18/26,WSN,,STL,
9/18/26,BOS,,TBR,
9/18/26,TOR,,TEX,
9/19/26,NYY,,ARI,
9/19/26,MIL,,BAL,
9/19/26,DET,,CHW,
9/19/26,CHC,,CIN,
9/19/26,ATH,,CLE,
9/19/26,SEA,,COL,
9/19/26,ATL,,HOU,
9/19/26,MIN,,LAA,
9/19/26,SFG,,LAD,
9/19/26,PHI,,NYM,
9/19/26,KCR,,PIT,
9/19/26,MIA,,SDP,
9/19/26,WSN,,STL,
9/19/26,BOS,,TBR,
9/19/26,TOR,,TEX,
9/20/26,NYY,,ARI,
9/20/26,MIL,,BAL,
9/20/26,DET,,CHW,
9/20/26,CHC,,CIN,
9/20/26,ATH,,CLE,
9/20/26,SEA,,COL,
9/20/26,ATL,,HOU,
9/20/26,MIN,,LAA,
9/20/26,SFG,,LAD,
9/20/26,PHI,,NYM,
9/20/26,KCR,,PIT,
9/20/26,MIA,,SDP,
9/20/26,WSN,,STL,
9/20/26,BOS,,TBR,
9/20/26,TOR,,TEX,
9/21/26,TOR,,BAL,
9/21/26,WSN,,DET,
9/21/26,MIN,,SFG,
9/22/26,LAA,,ATH,
9/22/26,CIN,,ATL,
9/22/26,TOR,,BAL,
9/22/26,CLE,,BOS,
9/22/26,MIA,,CHC,
9/22/26,ARI,,COL,
9/22/26,WSN,,DET,
9/22/26,CHW,,KCR,
9/22/26,SDP,,LAD,
9/22/26,TBR,,NYY,
9/22/26,TBR,,NYY,
9/22/26,MIL,,PHI,
9/22/26,STL,,PIT,
9/22/26,HOU,,SEA,
9/22/26,MIN,,SFG,
9/22/26,NYM,,TEX,
9/23/26,LAA,,ATH,
9/23/26,CIN,,ATL,
9/23/26,TOR,,BAL,
9/23/26,CLE,,BOS,
9/23/26,MIA,,CHC,
9/23/26,ARI,,COL,
9/23/26,WSN,,DET,
9/23/26,CHW,,KCR,
9/23/26,SDP,,LAD,
9/23/26,TBR,,NYY,
9/23/26,MIL,,PHI,
9/23/26,STL,,PIT,
9/23/26,HOU,,SEA,
9/23/26,MIN,,SFG,
9/23/26,NYM,,TEX,
9/24/26,HOU,,ATH,
9/24/26,CIN,,ATL,
9/24/26,CLE,,BOS,
9/24/26,MIA,,CHC,
9/24/26,ARI,,COL,
9/24/26,CHW,,KCR,
9/24/26,SDP,,LAD,
9/24/26,TBR,,NYY,
9/24/26,MIL,,PHI,
9/24/26,STL,,PIT,
9/24/26,LAA,,SEA,
9/24/26,NYM,,TEX,
9/25/26,HOU,,ATH,
9/25/26,CHC,,BOS,
9/25/26,COL,,CHW,
9/25/26,PIT,,DET,
9/25/26,CLE,,KCR,
9/25/26,ATL,,MIA,
9/25/26,STL,,MIL,
9/25/26,TEX,,MIN,
9/25/26,BAL,,NYY,
9/25/26,TBR,,PHI,
9/25/26,ARI,,SDP,
9/25/26,LAA,,SEA,
9/25/26,LAD,,SFG,
9/25/26,CIN,,TOR,
9/25/26,NYM,,WSN,
9/26/26,HOU,,ATH,
9/26/26,CHC,,BOS,
9/26/26,COL,,CHW,
9/26/26,PIT,,DET,
9/26/26,CLE,,KCR,
9/26/26,ATL,,MIA,
9/26/26,STL,,MIL,
9/26/26,TEX,,MIN,
9/26/26,BAL,,NYY,
9/26/26,TBR,,PHI,
9/26/26,ARI,,SDP,
9/26/26,LAA,,SEA,
9/26/26,LAD,,SFG,
9/26/26,CIN,,TOR,
9/26/26,NYM,,WSN,
9/27/26,HOU,,ATH,
9/27/26,CHC,,BOS,
9/27/26,COL,,CHW,
9/27/26,PIT,,DET,
9/27/26,CLE,,KCR,
9/27/26,ATL,,MIA,
9/27/26,STL,,MIL,
9/27/26,TEX,,MIN,
9/27/26,BAL,,NYY,
9/27/26,TBR,,PHI,
9/27/26,ARI,,SDP,
9/27/26,LAA,,SEA,
9/27/26,LAD,,SFG,
9/27/26,CIN,,TOR,
9/27/26,NYM,,WSN,