Date,AwayTeam,AwayJersey,HomeTeam,HomeJersey
4/1/21,BAL,Postponed - 4/2/21,BOS,Postponed - 4/2/21
4/1/21,PIT,Road gray,CHC,Home white
4/1/21,STL,Road gray blue hat Bob Gibson 45 memorial patch,CIN,Home white Joe Morgan 8 memorial patch
4/1/21,LAD,Road gray Dodgers Tommy Lasorda TOMMY 2 memorial patch Don Sutton SUTTON 20 memorial patch,COL,Home white
4/1/21,CLE,Road navy,DET,Home white
4/1/21,TEX,Road gray,KCR,Home white
4/1/21,CHW,Road black,LAA,Home white
4/1/21,TBR,Road navy,MIA,Home white
4/1/21,MIN,Road navy Mike Bell MB memorial patch,MIL,Home cream Hank Aaron 44 memorial patch
4/1/21,TOR,Road powder,NYY,Home white Whitey Ford 16 memorial patch
4/1/21,HOU,Road gray,OAK,Home white
4/1/21,ATL,Road navy 150th season patch 2021 All Star Game patch,PHI,Home white Dick Allen 15 memorial patch
4/1/21,ARI,Road red A hat,SDP,Home white
4/1/21,SFG,Road gray,SEA,Home white
4/1/21,NYM,Postponed - 6/19/21,WSN,Postponed - 6/19/21
4/2/21,BAL,Road black,BOS,Home white
4/2/21,LAD,Road gray Dodgers Tommy Lasorda TOMMY 2 memorial patch Don Sutton SUTTON 20 memorial patch,COL,Home white
4/2/21,CHW,Road gray,LAA,Home white
4/2/21,TBR,Road gray,MIA,Home black
4/2/21,HOU,Road gray,OAK,Home kelly green
4/2/21,ARI,Road gray,SDP,Home white
4/2/21,SFG,Road gray,SEA,Home teal
4/3/21,BAL,Road orange,BOS,Home white
4/3/21,PIT,Road black,CHC,Home white
4/3/21,STL,Road powder Bob Gibson 45 memorial patch,CIN,Home red Joe Morgan 8 memorial patch
4/3/21,LAD,Road gray Dodgers Tommy Lasorda TOMMY 2 memorial patch Don Sutton SUTTON 20 memorial patch,COL,Home purple
4/3/21,CLE,Road navy,DET,Home white
4/3/21,TEX,Road gray,KCR,Home powder
4/3/21,CHW,Road black,LAA,Home white
4/3/21,TBR,Road gray,MIA,Home black
4/3/21,MIN,Road gray Mike Bell MB memorial patch,MIL,Home white Hank Aaron 44 memorial patch
4/3/21,TOR,Road gray,NYY,Home white Whitey Ford 16 memorial patch
4/3/21,HOU,Road gray,OAK,Home white
4/3/21,ATL,Road gray 150th season patch,PHI,Home cream Dick Allen 15 memorial patch
4/3/21,ARI,Road gray,SDP,Home white
4/3/21,SFG,Road gray,SEA,Home white
4/3/21,NYM,Postponed - 6/28/21,WSN,Postponed - 6/28/21
4/4/21,BAL,Road gray,BOS,Home white
4/4/21,PIT,Road gray,CHC,Home white
4/4/21,STL,Road gray blue hat Bob Gibson 45 memorial patch,CIN,Home red Joe Morgan 8 memorial patch
4/4/21,LAD,Road gray Dodgers Tommy Lasorda TOMMY 2 memorial patch Don Sutton SUTTON 20 memorial patch,COL,Home black
4/4/21,CLE,Road navy,DET,Home white
4/4/21,TEX,Road gray,KCR,Home powder
4/4/21,CHW,Road gray,LAA,Home white
4/4/21,MIN,Road gray Mike Bell MB memorial patch,MIL,Home white Hank Aaron 44 memorial patch
4/4/21,TOR,Road royal,NYY,Home white Whitey Ford 16 memorial patch
4/4/21,HOU,Road gray,OAK,Home green
4/4/21,ATL,Road gray 150th season patch,PHI,Home cream Dick Allen 15 memorial patch
4/4/21,ARI,Road red snake hat,SDP,Home camo green
4/4/21,NYM,Postponed - 9/4/21,WSN,Postponed - 9/4/21
4/5/21,TBR,Road navy,BOS,Home white
4/5/21,MIL,Road navy Hank Aaron 44 memorial patch,CHC,Home white
4/5/21,PIT,Road black,CIN,Home white Joe Morgan 8 memorial patch
4/5/21,KCR,Road gray,CLE,Home white
4/5/21,MIN,Road gray Mike Bell MB memorial patch,DET,Home white
4/5/21,HOU,Road gray,LAA,Home white
4/5/21,STL,Road gray Bob Gibson 45 memorial patch,MIA,Home white
4/5/21,BAL,Road gray,NYY,Home white Whitey Ford 16 memorial patch
4/5/21,LAD,Road gray Dodgers Tommy Lasorda TOMMY 2 memorial patch Don Sutton SUTTON 20 memorial patch,OAK,Home white
4/5/21,NYM,Road gray Tom Seaver 41 memorial patch,PHI,Home white Dick Allen 15 memorial patch
4/5/21,SFG,Road gray,SDP,Home white
4/5/21,CHW,Road gray,SEA,Home white
4/5/21,TOR,Road royal,TEX,Home white blue hat
4/5/21,ATL,Postponed - 4/7/21,WSN,Postponed - 4/7/21
4/6/21,TBR,Road navy,BOS,Home white
4/6/21,MIL,Road gray Hank Aaron 44 memorial patch,CHC,Home white
4/6/21,PIT,Road gray,CIN,Home white Joe Morgan 8 memorial patch
4/6/21,ARI,Road gray,COL,Home black
4/6/21,MIN,Road navy Mike Bell MB memorial patch,DET,Home white
4/6/21,HOU,Road orange,LAA,Home white
4/6/21,STL,Road gray Bob Gibson 45 memorial patch,MIA,Home white
4/6/21,BAL,Road gray,NYY,Home white Whitey Ford 16 memorial patch
4/6/21,LAD,Road gray Dodgers Tommy Lasorda TOMMY 2 memorial patch Don Sutton SUTTON 20 memorial patch,OAK,Home kelly green
4/6/21,NYM,Road gray Tom Seaver 41 memorial patch,PHI,Home white Dick Allen 15 memorial patch
4/6/21,SFG,Road gray,SDP,Home white
4/6/21,CHW,Road gray,SEA,Home white
4/6/21,TOR,Road royal,TEX,Home white red hat
4/6/21,ATL,Road navy 150th season patch,WSN,Home white white panel hat
4/7/21,TBR,Road navy,BOS,Home white
4/7/21,MIL,Road gray Hank Aaron 44 memorial patch,CHC,Home white
4/7/21,PIT,Road gray,CIN,Home red Joe Morgan 8 memorial patch
4/7/21,KCR,Road royal,CLE,Home red
4/7/21,ARI,Road red snake hat,COL,Home white
4/7/21,MIN,Road gray Mike Bell MB memorial patch,DET,Home white
4/7/21,STL,Road gray Bob Gibson 45 memorial patch,MIA,Home white
4/7/21,BAL,Road gray,NYY,Home white Whitey Ford 16 memorial patch
4/7/21,LAD,Road gray Dodgers Tommy Lasorda TOMMY 2 memorial patch Don Sutton SUTTON 20 memorial patch,OAK,Home white
4/7/21,NYM,Road gray Tom Seaver 41 memorial patch,PHI,Home cream Dick Allen 15 memorial patch
4/7/21,SFG,Road gray,SDP,Home white
4/7/21,CHW,Road gray,SEA,Home white
4/7/21,TOR,Road powder,TEX,Home white red hat
4/7/21,ATL,Road navy 150th season patch,WSN,Home white white panel hat
4/7/21,ATL,Road gray 150th season patch,WSN,Home red
4/8/21,BOS,Road navy,BAL,Home white
4/8/21,KCR,Road gray,CHW,Home white
4/8/21,ARI,Road gray,COL,Home white
4/8/21,OAK,Road gray,HOU,Home white
4/8/21,SEA,Road navy teal brim hat,MIN,Home white Mike Bell MB memorial patch
4/8/21,MIA,Road black,NYM,Home white Tom Seaver 41 memorial patch
4/8/21,CHC,Road royal,PIT,Home white
4/8/21,MIL,Road gray Hank Aaron 44 memorial patch,STL,Home white Bob Gibson 45 memorial patch
4/8/21,LAA,Road gray,TOR,Home white white panel hat
4/9/21,CIN,Road gray Joe Morgan 8 memorial patch,ARI,Home white teal accents
4/9/21,PHI,Road gray Dick Allen 15 memorial patch,ATL,Home throwback
4/9/21,DET,Road gray,CLE,Home white
4/9/21,OAK,Road gray,HOU,Home orange
4/9/21,WSN,Road gray,LAD,Home white Championship Tommy Lasorda TOMMY 2 memorial patch Don Sutton SUTTON 20 memorial patch
4/9/21,COL,Road gray,SFG,Home cream
4/9/21,NYY,Road gray Whitey Ford 16 memorial patch,TBR,Home white
4/9/21,SDP,Road sand,TEX,Home red
4/9/21,LAA,Road gray,TOR,Home royal
4/10/21,CIN,Road red Joe Morgan 8 memorial patch,ARI,Home black
4/10/21,PHI,Road gray Dick Allen 15 memorial patch,ATL,Home throwback
4/10/21,BOS,Road navy,BAL,Home orange
4/10/21,KCR,Postponed - 5/14/21,CHW,Postponed - 5/14/21
4/10/21,DET,Road gray,CLE,Home white
4/10/21,OAK,Road gray,HOU,Home white
4/10/21,WSN,Road gray,LAD,Home white Championship Tommy Lasorda TOMMY 2 memorial patch Don Sutton SUTTON 20 memorial patch
4/10/21,SEA,Road navy teal brim hat,MIN,Home red Mike Bell MB memorial patch
4/10/21,MIA,Road black,NYM,Home white Tom Seaver 41 memorial patch
4/10/21,CHC,Road royal,PIT,Home white
4/10/21,COL,Road black,SFG,Home cream
4/10/21,MIL,Road navy Hank Aaron 44 memorial patch,STL,Home cream Bob Gibson 45 memorial patch
4/10/21,NYY,Road gray Whitey Ford 16 memorial patch,TBR,Home white
4/10/21,SDP,Road sand,TEX,Home white blue hat
4/10/21,LAA,Road gray,TOR,Home white
4/11/21,CIN,Road gray Joe Morgan 8 memorial patch,ARI,Home red snake hat
4/11/21,PHI,Road gray Dick Allen 15 memorial patch,ATL,Home throwback
4/11/21,BOS,Road navy,BAL,Home white
4/11/21,KCR,Road royal,CHW,Home throwback
4/11/21,DET,Road gray,CLE,Home red
4/11/21,WSN,Road gray,LAD,Home white Championship Tommy Lasorda TOMMY 2 memorial patch Don Sutton SUTTON 20 memorial patch
4/11/21,SEA,Road gray,MIN,Home white Mike Bell MB memorial patch
4/11/21,MIA,Road black,NYM,Home white Tom Seaver 41 memorial patch
4/11/21,CHC,Road royal,PIT,Home white
4/11/21,COL,Road gray,SFG,Home cream
4/11/21,MIL,Road navy Hank Aaron 44 memorial patch,STL,Home white Sunday hat Bob Gibson 45 memorial patch
4/11/21,NYY,Road gray Whitey Ford 16 memorial patch,TBR,Home powder throwback hat
4/11/21,SDP,Road sand,TEX,Home powder
4/11/21,LAA,Postponed - 8/10/21,TOR,Postponed - 8/10/21
4/12/21,OAK,Road gray,ARI,Home white sand accents
4/12/21,MIA,Road gray,ATL,Home throwback
4/12/21,SEA,Postponed - 4/13/21,BAL,Postponed - 4/13/21
4/12/21,CLE,Road navy,CHW,Home white
4/12/21,DET,Road gray,HOU,Home white
4/12/21,LAA,Road gray,KCR,Home white
4/12/21,CHC,Road gray,MIL,Home cream Hank Aaron 44 memorial patch
4/12/21,BOS,Postponed - 4/14/21,MIN,Postponed - 4/14/21
4/12/21,PHI,Postponed - 4/13/21,NYM,Postponed - 4/13/21
4/12/21,SDP,Road sand,PIT,Home white
4/12/21,CIN,Road gray Joe Morgan 8 memorial patch,SFG,Home cream
4/12/21,WSN,Road gray,STL,Home white Bob Gibson 45 memorial patch
4/12/21,TEX,Road gray,TBR,Home navy
4/12/21,NYY,Road gray Whitey Ford 16 memorial patch,TOR,Home white
4/13/21,OAK,Road gray,ARI,Home white teal accents
4/13/21,MIA,Road gray,ATL,Home throwback
4/13/21,SEA,Road navy teal brim hat,BAL,Home white
4/13/21,SEA,Road navy teal brim hat,BAL,Home white
4/13/21,CLE,Road navy,CHW,Home white
4/13/21,DET,Road gray,HOU,Home orange
4/13/21,LAA,Road gray,KCR,Home white
4/13/21,COL,Road gray,LAD,Home white Tommy Lasorda TOMMY 2 memorial patch Don Sutton SUTTON 20 memorial patch
4/13/21,CHC,Road royal,MIL,Home cream Hank Aaron 44 memorial patch
4/13/21,BOS,Road gray,MIN,Home navy Mike Bell MB memorial patch
4/13/21,PHI,Road gray Dick Allen 15 memorial patch,NYM,Home white Tom Seaver 41 memorial patch
4/13/21,PHI,Road gray Dick Allen 15 memorial patch,NYM,Home white Tom Seaver 41 memorial patch
4/13/21,SDP,Road sand,PIT,Home white
4/13/21,CIN,Road gray Joe Morgan 8 memorial patch,SFG,Home cream
4/13/21,WSN,Road gray,STL,Home white Bob Gibson 45 memorial patch
4/13/21,TEX,Road royal,TBR,Home navy
4/13/21,NYY,Road gray Whitey Ford 16 memorial patch,TOR,Home powder
4/14/21,MIA,Road gray,ATL,Home throwback
4/14/21,SEA,Postponed - 4/15/21,BAL,Postponed - 4/15/21
4/14/21,CLE,Road gray,CHW,Home black
4/14/21,DET,Road gray,HOU,Home white
4/14/21,LAA,Road gray,KCR,Home powder
4/14/21,COL,Road gray,LAD,Home white Tommy Lasorda TOMMY 2 memorial patch Don Sutton SUTTON 20 memorial patch
4/14/21,CHC,Road royal,MIL,Home cream Hank Aaron 44 memorial patch
4/14/21,BOS,Road gray,MIN,Home white Mike Bell MB memorial patch
4/14/21,BOS,Road navy,MIN,Home powder Mike Bell MB memorial patch
4/14/21,PHI,Road gray Dick Allen 15 memorial patch,NYM,Home white Tom Seaver 41 memorial patch
4/14/21,SDP,Road brown,PIT,Home white Military Appreciation
4/14/21,CIN,Road red Joe Morgan 8 memorial patch,SFG,Home cream
4/14/21,WSN,Road gray,STL,Home white Bob Gibson 45 memorial patch
4/14/21,TEX,Road gray,TBR,Home navy
4/14/21,NYY,Road gray Whitey Ford 16 memorial patch,TOR,Home powder
4/15/21,MIA,Road black Jackie Robinson Day,ATL,Home red Jackie Robinson Day
4/15/21,SEA,Road teal Jackie Robinson Day,BAL,Home white Jackie Robinson Day
4/15/21,SEA,Road navy teal brim hat,BAL,Home white
4/15/21,CLE,Road gray Jackie Robinson Day,CHW,Home white Jackie Robinson Day
4/15/21,TOR,Road royal Jackie Robinson Day,KCR,Home white Jackie Robinson Day
4/15/21,COL,Road purple Jackie Robinson Day,LAD,Home white Jackie Robinson Day
4/15/21,BOS,Road gray Jackie Robinson Day,MIN,Home powder Jackie Robinson Day Mike Bell MB memorial patch
4/15/21,PHI,Postponed - 6/25/21,NYM,Postponed - 6/25/21
4/15/21,DET,Road gray Jackie Robinson Day,OAK,Home white Jackie Robinson Day
4/15/21,SDP,Road sand Jackie Robinson Day,PIT,Home black Pittsburgh Jackie Robinson Day
4/15/21,TEX,Road gray Jackie Robinson Day,TBR,Home navy Jackie Robinson Day
4/15/21,ARI,Road red Jackie Robinson Day,WSN,Home navy Jackie Robinson Day
4/16/21,CHW,Postponed - 4/18/21,BOS,Postponed - 4/18/21
4/16/21,ATL,Road red Jackie Robinson Day,CHC,Home white Jackie Robinson Day
4/16/21,CLE,Road gray Jackie Robinson Day,CIN,Home red Jackie Robinson Day
4/16/21,NYM,Postponed - 4/17/21,COL,Postponed - 4/17/21
4/16/21,TOR,Postponed - 4/17/21,KCR,Postponed - 4/17/21
4/16/21,MIN,Road powder Jackie Robinson Day Mike Bell MB memorial patch,LAA,Home red Jackie Robinson Day
4/16/21,SFG,Road gray Jackie Robinson Day,MIA,Home black Jackie Robinson Day
4/16/21,PIT,Road black Jackie Robinson Day,MIL,Home white Jackie Robinson Day
4/16/21,TBR,Road navy Jackie Robinson Day,NYY,Home white Jackie Robinson Day Whitey Ford 16 memorial patch
4/16/21,DET,Road gray,OAK,Home kelly green
4/16/21,STL,Road gray Jackie Robinson Day,PHI,Home white Jackie Robinson Day
4/16/21,LAD,Road gray Los Angeles Tommy Lasorda TOMMY 2 memorial patch Don Sutton SUTTON 20 memorial patch,SDP,Home white
4/16/21,HOU,Road gray Jackie Robinson Day,SEA,Home teal Jackie Robinson Day
4/16/21,BAL,Road black,TEX,Home red
4/16/21,ARI,Road gray,WSN,Home navy
4/17/21,CHW,Road gray,BOS,City Connect
4/17/21,ATL,Road navy 150th season patch,CHC,Home white
4/17/21,CLE,Road gray,CIN,Home white Joe Morgan 8 memorial patch
4/17/21,NYM,Road gray Tom Seaver 41 memorial patch,COL,Home white
4/17/21,NYM,Road gray Tom Seaver 41 memorial patch,COL,Home purple
4/17/21,TOR,Road royal,KCR,Home powder
4/17/21,TOR,Road royal,KCR,Home white
4/17/21,MIN,Postponed - 5/20/21,LAA,Postponed - 5/20/21
4/17/21,SFG,Road gray,MIA,Home black
4/17/21,PIT,Road gray,MIL,Home white Hank Aaron 44 memorial patch
4/17/21,TBR,Road navy,NYY,Home white Whitey Ford 16 memorial patch
4/17/21,DET,Road gray,OAK,Home white
4/17/21,STL,Road powder Bob Gibson 45 memorial patch,PHI,Home cream Dick Allen 15 memorial patch
4/17/21,LAD,Road gray Los Angeles Tommy Lasorda TOMMY 2 memorial patch Don Sutton SUTTON 20 memorial patch,SDP,Home white
4/17/21,HOU,Road gray,SEA,Home white
4/17/21,BAL,Road orange,TEX,Home white blue hat
4/17/21,ARI,Road gray,WSN,Home white Curly W
4/18/21,CHW,Road gray,BOS,City Connect
4/18/21,CHW,Road black,BOS,Home white
4/18/21,ATL,Road navy 150th season patch,CHC,Home white
4/18/21,CLE,Road navy,CIN,Home red Joe Morgan 8 memorial patch
4/18/21,NYM,Road gray Tom Seaver 41 memorial patch,COL,Home white
4/18/21,TOR,Road royal,KCR,Home powder
4/18/21,MIN,Postponed - 5/20/21,LAA,Postponed - 5/20/21
4/18/21,SFG,Road gray,MIA,Home white
4/18/21,PIT,Road gray,MIL,Home white Hank Aaron 44 memorial patch
4/18/21,TBR,Road navy,NYY,Home white Whitey Ford 16 memorial patch
4/18/21,DET,Road gray,OAK,Home white
4/18/21,STL,Road gray Bob Gibson 45 memorial patch,PHI,Home cream Dick Allen 15 memorial patch
4/18/21,LAD,Road gray Los Angeles Tommy Lasorda TOMMY 2 memorial patch Don Sutton SUTTON 20 memorial patch,SDP,Home camo brown
4/18/21,HOU,Road orange,SEA,Home cream
4/18/21,BAL,Road black,TEX,Home powder
4/18/21,ARI,Road red snake hat,WSN,Home white Curly W
4/19/21,CHW,Road gray,BOS,Home white Patriot’s Day
4/19/21,TBR,Road navy,KCR,Home white
4/19/21,TEX,Road gray,LAA,Home white
4/19/21,MIN,Postponed - 4/20/21,OAK,Postponed - 4/20/21
4/19/21,SFG,Road gray,PHI,Home white Dick Allen 15 memorial patch
4/19/21,MIL,Road navy Hank Aaron 44 memorial patch,SDP,Home white
4/19/21,LAD,Road gray Los Angeles Tommy Lasorda TOMMY 2 memorial patch Don Sutton SUTTON 20 memorial patch,SEA,Home white
4/19/21,STL,Road gray Bob Gibson 45 memorial patch,WSN,Home navy US hat
4/20/21,TOR,Road powder,BOS,Home red
4/20/21,NYM,Road royal Tom Seaver 41 memorial patch,CHC,Home white
4/20/21,ARI,Road gray,CIN,Home white Joe Morgan 8 memorial patch
4/20/21,CHW,Road gray,CLE,Home red
4/20/21,HOU,Road gray orange brim hat,COL,Home white
4/20/21,PIT,Postponed - 4/21/21,DET,Postponed - 4/21/21
4/20/21,TBR,Road navy,KCR,Home white
4/20/21,TEX,Road royal,LAA,Home red
4/20/21,BAL,Road gray,MIA,Home white
4/20/21,ATL,Road gray 150th season patch,NYY,Home white Whitey Ford 16 memorial patch
4/20/21,MIN,Road navy Mike Bell MB memorial patch,OAK,Home white
4/20/21,MIN,Road gray Mike Bell MB memorial patch,OAK,Home kelly green
4/20/21,SFG,Road gray,PHI,Home white Dick Allen 15 memorial patch
4/20/21,MIL,Road navy Hank Aaron 44 memorial patch,SDP,Home white
4/20/21,LAD,Road gray Los Angeles Tommy Lasorda TOMMY 2 memorial patch Don Sutton SUTTON 20 memorial patch,SEA,Home white
4/20/21,STL,Road gray Bob Gibson 45 memorial patch,WSN,Home white white panel hat
4/21/21,TOR,Road gray,BOS,Home white
4/21/21,NYM,Road gray Tom Seaver 41 memorial patch,CHC,Home white
4/21/21,ARI,Road gray,CIN,Home red Joe Morgan 8 memorial patch
4/21/21,CHW,Postponed - 5/31/21,CLE,Postponed - 5/31/21
4/21/21,HOU,Road orange,COL,Home purple
4/21/21,PIT,Road gray,DET,Home white
4/21/21,PIT,Road black,DET,Home white
4/21/21,TBR,Road navy,KCR,Home white
4/21/21,TEX,Road gray,LAA,Home white
4/21/21,BAL,Road gray,MIA,Home white
4/21/21,ATL,Road navy 150th season patch,NYY,Home white Whitey Ford 16 memorial patch
4/21/21,MIN,Road navy Mike Bell MB memorial patch,OAK,Home kelly green
4/21/21,SFG,Road gray,PHI,Home cream Dick Allen 15 memorial patch
4/21/21,MIL,Road navy Hank Aaron 44 memorial patch,SDP,Home white
4/21/21,STL,Road gray Bob Gibson 45 memorial patch,WSN,Home white white panel hat
4/22/21,SEA,Road navy,BOS,Home white Earth Day patch
4/22/21,NYM,Road royal Tom Seaver 41 memorial patch,CHC,Home white
4/22/21,ARI,Road gray,CIN,Home red Joe Morgan 8 memorial patch
4/22/21,NYY,Road gray Whitey Ford 16 memorial patch,CLE,Home white
4/22/21,PIT,Road black,DET,Home white
4/22/21,LAA,Road gray,HOU,Home white
4/22/21,SDP,Road sand,LAD,Home white Tommy Lasorda TOMMY 2 memorial patch Don Sutton SUTTON 20 memorial patch
4/22/21,MIA,Road gray,SFG,Home cream
4/23/21,ARI,Road gray,ATL,Home red 150th season patch
4/23/21,OAK,Road gray,BAL,Home black
4/23/21,SEA,Road navy,BOS,Home red
4/23/21,MIL,Road navy Hank Aaron 44 memorial patch,CHC,Home white
4/23/21,TEX,Road gray,CHW,Home white
4/23/21,NYY,Road gray Whitey Ford 16 memorial patch,CLE,Home red
4/23/21,PHI,Road gray Dick Allen 15 memorial patch,COL,Home white 2021 All Star Game patch
4/23/21,KCR,Road gray,DET,Home white
4/23/21,LAA,Road gray,HOU,Home orange
4/23/21,SDP,Road sand,LAD,Home white Tommy Lasorda TOMMY 2 memorial patch Don Sutton SUTTON 20 memorial patch
4/23/21,PIT,Road black,MIN,Home red Mike Bell MB memorial patch
4/23/21,WSN,Road navy Jackie Robinson Day,NYM,Home white Jackie Robinson Day
4/23/21,MIA,Road black,SFG,Home orange
4/23/21,CIN,Road gray Joe Morgan 8 memorial patch,STL,Home white Bob Gibson 45 memorial patch
4/23/21,TOR,Road gray,TBR,Home navy
4/24/21,ARI,Postponed - 4/25/21,ATL,Postponed - 4/25/21
4/24/21,OAK,Road gray,BAL,Home orange
4/24/21,SEA,Road navy,BOS,Home red
4/24/21,MIL,Road gray Hank Aaron 44 memorial patch,CHC,Home white
4/24/21,TEX,Road gray,CHW,Home white
4/24/21,NYY,Road gray Whitey Ford 16 memorial patch,CLE,Home red
4/24/21,PHI,Road gray Dick Allen 15 memorial patch,COL,Home white 2021 All Star Game patch
4/24/21,KCR,Road royal,DET,Home white
4/24/21,LAA,Road gray,HOU,Home white
4/24/21,SDP,Road sand,LAD,Home white Tommy Lasorda TOMMY 2 memorial patch Don Sutton SUTTON 20 memorial patch
4/24/21,PIT,Road gray,MIN,Home powder Mike Bell MB memorial patch
4/24/21,WSN,Road navy,NYM,Home white Tom Seaver 41 memorial patch
4/24/21,MIA,Road gray,SFG,Home black black hat
4/24/21,CIN,Road red Joe Morgan 8 memorial patch,STL,Home cream Bob Gibson 45 memorial patch
4/24/21,TOR,Road gray,TBR,Home white
4/25/21,ARI,Road red snake hat,ATL,Home cream
4/25/21,ARI,Road gray,ATL,Home white 150th season patch
4/25/21,OAK,Road gray,BAL,Home white
4/25/21,SEA,Road navy,BOS,Home red
4/25/21,MIL,Road gray Hank Aaron 44 memorial patch,CHC,Home white
4/25/21,TEX,Road gray,CHW,Home throwback
4/25/21,NYY,Road gray Whitey Ford 16 memorial patch,CLE,Home white
4/25/21,PHI,Road gray Dick Allen 15 memorial patch,COL,Home white 2021 All Star Game patch
4/25/21,KCR,Road royal,DET,Home white
4/25/21,LAA,Road gray,HOU,Home navy
4/25/21,SDP,Road brown,LAD,Home white Tommy Lasorda TOMMY 2 memorial patch Don Sutton SUTTON 20 memorial patch
4/25/21,PIT,Road gray,MIN,Home white Mike Bell MB memorial patch
4/25/21,WSN,Road gray,NYM,Home white Tom Seaver 41 memorial patch
4/25/21,MIA,Road gray,SFG,Home cream
4/25/21,CIN,Road red Joe Morgan 8 memorial patch,STL,Home white Sunday hat Bob Gibson 45 memorial patch
4/25/21,TOR,Road gray,TBR,Home powder throwback hat
4/26/21,CHC,Road royal,ATL,Home white 150th season patch
4/26/21,NYY,Road gray Whitey Ford 16 memorial patch,BAL,Home white
4/26/21,MIN,Road gray Mike Bell MB memorial patch,CLE,Home white
4/26/21,KCR,Road royal,DET,Home white
4/26/21,SEA,Road navy,HOU,Home white
4/26/21,CIN,Road red Joe Morgan 8 memorial patch,LAD,Home white Tommy Lasorda TOMMY 2 memorial patch Don Sutton SUTTON 20 memorial patch
4/26/21,MIA,Road gray,MIL,Home cream Hank Aaron 44 memorial patch
4/26/21,COL,Road gray 2021 All Star Game patch,SFG,Home cream
4/26/21,PHI,Road gray Dick Allen 15 memorial patch,STL,Home white Bob Gibson 45 memorial patch
4/26/21,OAK,Road gray,TBR,Home powder
4/26/21,LAA,Road gray,TEX,Home white blue hat
4/27/21,SDP,Road brown,ARI,Home white teal accents
4/27/21,CHC,Road royal,ATL,Home white 150th season patch
4/27/21,NYY,Road gray Whitey Ford 16 memorial patch,BAL,Home white
4/27/21,DET,Road gray,CHW,Home white
4/27/21,MIN,Road navy Mike Bell MB memorial patch,CLE,Home white
4/27/21,SEA,Road navy,HOU,Home white
4/27/21,CIN,Road red Joe Morgan 8 memorial patch,LAD,Home white Tommy Lasorda TOMMY 2 memorial patch Don Sutton SUTTON 20 memorial patch
4/27/21,MIA,Road gray,MIL,Home cream Hank Aaron 44 memorial patch
4/27/21,BOS,Road gray,NYM,Home white Tom Seaver 41 memorial patch
4/27/21,KCR,Road gray,PIT,Home white
4/27/21,COL,Road purple 2021 All Star Game patch,SFG,Home cream
4/27/21,PHI,Road gray Dick Allen 15 memorial patch,STL,Home white Bob Gibson 45 memorial patch
4/27/21,OAK,Road gray,TBR,Home navy
4/27/21,LAA,Road gray,TEX,Home white red hat
4/27/21,WSN,Road gray,TOR,Home white
4/28/21,SDP,Road brown,ARI,Home red A hat
4/28/21,CHC,Road royal,ATL,Home white 150th season patch
4/28/21,NYY,Road gray Whitey Ford 16 memorial patch,BAL,Home white
4/28/21,DET,Postponed - 4/29/21,CHW,Postponed - 4/29/21
4/28/21,MIN,Road navy Mike Bell MB memorial patch,CLE,Home white
4/28/21,SEA,Road navy,HOU,Home white
4/28/21,CIN,Road red Joe Morgan 8 memorial patch,LAD,Home white Tommy Lasorda TOMMY 2 memorial patch Don Sutton SUTTON 20 memorial patch
4/28/21,MIA,Road gray,MIL,Home cream Hank Aaron 44 memorial patch
4/28/21,BOS,Road gray,NYM,Home white Tom Seaver 41 memorial patch
4/28/21,KCR,Road gray,PIT,Home white Military Appreciation
4/28/21,COL,Road purple 2021 All Star Game patch,SFG,Home cream
4/28/21,PHI,Road gray Dick Allen 15 memorial patch,STL,Home white Bob Gibson 45 memorial patch
4/28/21,OAK,Road gray,TBR,Home navy
4/28/21,LAA,Road gray,TEX,Home white red hat
4/28/21,WSN,Road gray,TOR,Home white
4/29/21,COL,Road black 2021 All Star Game patch,ARI,Home white sand accents
4/29/21,CHC,Road gray,ATL,Home white 150th season patch
4/29/21,NYY,Road gray Whitey Ford 16 memorial patch,BAL,Home white
4/29/21,DET,Road gray,CHW,Home black
4/29/21,DET,Road gray,CHW,Home white
4/29/21,SEA,Road navy,HOU,Home white
4/29/21,LAD,Road gray Dodgers Tommy Lasorda TOMMY 2 memorial patch Don Sutton SUTTON 20 memorial patch,MIL,Home cream Hank Aaron 44 memorial patch
4/29/21,PHI,Road gray Dick Allen 15 memorial patch,STL,Home white Bob Gibson 45 memorial patch
4/29/21,OAK,Road gray,TBR,Home navy
4/29/21,BOS,Road navy,TEX,Home white blue hat
4/30/21,COL,Road purple 2021 All Star Game patch,ARI,Home white teal accents
4/30/21,CLE,Road navy,CHW,Home white
4/30/21,CHC,Road royal,CIN,Home white Joe Morgan 8 memorial patch
4/30/21,LAD,Road gray Dodgers Tommy Lasorda TOMMY 2 memorial patch Don Sutton SUTTON 20 memorial patch,MIL,Home white Hank Aaron 44 memorial patch
4/30/21,KCR,Road gray,MIN,Home red Mike Bell MB memorial patch
4/30/21,DET,Road gray,NYY,Home white Whitey Ford 16 memorial patch
4/30/21,BAL,Road black,OAK,Home white
4/30/21,NYM,Road gray Tom Seaver 41 memorial patch,PHI,Home white Dick Allen 15 memorial patch
4/30/21,STL,Road gray Bob Gibson 45 memorial patch,PIT,Home white
4/30/21,SFG,Road gray,SDP,Home white
4/30/21,LAA,Road gray,SEA,Home teal
4/30/21,HOU,Road gray,TBR,Home white
4/30/21,BOS,Road navy,TEX,Home red
4/30/21,ATL,Road gray 150th season patch,TOR,Home royal
4/30/21,MIA,Road gray,WSN,Home navy
5/1/21,COL,Road gray 2021 All Star Game patch,ARI,Home black
5/1/21,CLE,Road gray,CHW,Home black
5/1/21,CHC,Road royal,CIN,Home red Joe Morgan 8 memorial patch
5/1/21,LAD,Road gray Dodgers Tommy Lasorda TOMMY 2 memorial patch Don Sutton SUTTON 20 memorial patch,MIL,Home white Hank Aaron 44 memorial patch
5/1/21,KCR,Road royal,MIN,Home navy Mike Bell MB memorial patch
5/1/21,DET,Road gray,NYY,Home white Whitey Ford 16 memorial patch
5/1/21,BAL,Road orange,OAK,Home kelly green
5/1/21,NYM,Road gray Tom Seaver 41 memorial patch,PHI,Home white Dick Allen 15 memorial patch
5/1/21,STL,Road powder Bob Gibson 45 memorial patch,PIT,Home white
5/1/21,SFG,Road gray,SDP,Home white
5/1/21,LAA,Road gray,SEA,Home white
5/1/21,HOU,Road gray,TBR,Home navy
5/1/21,BOS,Road navy,TEX,Home white blue hat
5/1/21,ATL,Road gray 150th season patch,TOR,Home royal
5/1/21,MIA,Road black,WSN,Home white Curly W
5/2/21,COL,Road gray 2021 All Star Game patch,ARI,Home red snake hat
5/2/21,CLE,Road navy,CHW,Home throwback
5/2/21,CHC,Road royal,CIN,Home red Joe Morgan 8 memorial patch
5/2/21,LAD,Road gray Dodgers Tommy Lasorda TOMMY 2 memorial patch Don Sutton SUTTON 20 memorial patch,MIL,Home white Hank Aaron 44 memorial patch
5/2/21,KCR,Road royal,MIN,Home white Mike Bell MB memorial patch
5/2/21,DET,Road gray,NYY,Home white Whitey Ford 16 memorial patch
5/2/21,BAL,Road gray,OAK,Home green
5/2/21,NYM,Road gray Tom Seaver 41 memorial patch,PHI,Home white Dick Allen 15 memorial patch
5/2/21,STL,Road gray Bob Gibson 45 memorial patch,PIT,Home black
5/2/21,SFG,Road gray,SDP,Home camo green
5/2/21,LAA,Road gray,SEA,Home cream
5/2/21,HOU,Road orange,TBR,Home powder throwback hat
5/2/21,BOS,Road gray,TEX,Home powder
5/2/21,ATL,Road gray 150th season patch,TOR,Home royal
5/2/21,MIA,Road gray,WSN,Home white Curly W
5/3/21,LAD,Postponed - 5/4/21,CHC,Postponed - 5/4/21
5/3/21,SFG,Postponed - 5/4/21,COL,Postponed - 5/4/21
5/3/21,CLE,Road gray,KCR,Home white
5/3/21,TBR,Road navy,LAA,Home white
5/3/21,TEX,Road royal,MIN,Home white Mike Bell MB memorial patch
5/3/21,TOR,Road royal,OAK,Home white
5/3/21,MIL,Road navy Hank Aaron 44 memorial patch,PHI,Home white Dick Allen 15 memorial patch
5/3/21,PIT,Road gray,SDP,Home white
5/3/21,BAL,Road gray,SEA,Home white
5/3/21,NYM,Road gray Tom Seaver 41 memorial patch,STL,Home white Bob Gibson 45 memorial patch
5/4/21,DET,Road gray,BOS,Home white
5/4/21,LAD,Road gray Dodgers Tommy Lasorda TOMMY 2 memorial patch Don Sutton SUTTON 20 memorial patch,CHC,Home white
5/4/21,LAD,Road gray Dodgers Tommy Lasorda TOMMY 2 memorial patch Don Sutton SUTTON 20 memorial patch,CHC,Home white
5/4/21,CHW,Road gray,CIN,Home white Joe Morgan 8 memorial patch
5/4/21,SFG,Road gray,COL,Home white 2021 All Star Game patch
5/4/21,SFG,Road gray,COL,Home black 2021 All Star Game patch
5/4/21,CLE,Road gray,KCR,Home white
5/4/21,TBR,Road navy,LAA,Home white
5/4/21,ARI,Road gray,MIA,Home white
5/4/21,TEX,Road royal,MIN,Home red Mike Bell MB memorial patch
5/4/21,HOU,Road gray,NYY,Home white Whitey Ford 16 memorial patch
5/4/21,TOR,Road royal,OAK,Home white
5/4/21,MIL,Road navy Hank Aaron 44 memorial patch,PHI,Home white Dick Allen 15 memorial patch
5/4/21,PIT,Road gray,SDP,Home white
5/4/21,BAL,Road gray,SEA,Home white
5/4/21,NYM,Postponed - 5/5/21,STL,Postponed - 5/5/21
5/4/21,ATL,Road gray 150th season patch,WSN,Home white white panel hat
5/5/21,DET,Road gray,BOS,Home white
5/5/21,LAD,Road gray Dodgers Tommy Lasorda TOMMY 2 memorial patch Don Sutton SUTTON 20 memorial patch,CHC,Home white
5/5/21,CHW,Road gray,CIN,Home red Hispanic Heritage
5/5/21,SFG,Road gray,COL,Home white 2021 All Star Game patch
5/5/21,CLE,Road navy,KCR,Home white
5/5/21,TBR,Road navy,LAA,Home red
5/5/21,ARI,Road red snake hat,MIA,Home white
5/5/21,TEX,Road gray,MIN,Home powder Mike Bell MB memorial patch
5/5/21,HOU,Road gray,NYY,Home white Whitey Ford 16 memorial patch
5/5/21,TOR,Road royal,OAK,Home kelly green
5/5/21,MIL,Road gray Hank Aaron 44 memorial patch,PHI,Home white Dick Allen 15 memorial patch
5/5/21,PIT,Road black,SDP,Home white
5/5/21,BAL,Road gray,SEA,Home white
5/5/21,NYM,Road gray Tom Seaver 41 memorial patch,STL,Home white Bob Gibson 45 memorial patch
5/5/21,NYM,Road gray Tom Seaver 41 memorial patch,STL,Home white Bob Gibson 45 memorial patch
5/5/21,ATL,Road navy 150th season patch,WSN,Home white white panel hat
5/6/21,DET,Road gray,BOS,Home red
5/6/21,CLE,Road navy,KCR,Home powder
5/6/21,TBR,Road navy,LAA,Home red
5/6/21,ARI,Road gray,MIA,Home white
5/6/21,TEX,Road gray,MIN,Home red Mike Bell MB memorial patch
5/6/21,HOU,Road gray,NYY,Home white Whitey Ford 16 memorial patch
5/6/21,TOR,Road royal,OAK,Home white
5/6/21,MIL,Road navy Hank Aaron 44 memorial patch,PHI,Home throwback Dick Allen 15 memorial patch
5/6/21,NYM,Road royal Tom Seaver 41 memorial patch,STL,Home white Bob Gibson 45 memorial patch
5/6/21,ATL,Road navy 150th season patch,WSN,Home white white panel hat
5/7/21,PHI,Road gray Dick Allen 15 memorial patch,ATL,Home red 150th season patch
5/7/21,BOS,Road gray,BAL,Home black
5/7/21,PIT,Road gray,CHC,Home white
5/7/21,CIN,Road gray Joe Morgan 8 memorial patch,CLE,Home white
5/7/21,MIN,Road gray Mike Bell MB memorial patch,DET,Home white
5/7/21,TOR,Road gray,HOU,Home orange
5/7/21,CHW,Road gray,KCR,Home white gold trim
5/7/21,LAD,Road gray Dodgers Tommy Lasorda TOMMY 2 memorial patch Don Sutton SUTTON 20 memorial patch,LAA,Home white
5/7/21,MIL,Road gray Hank Aaron 44 memorial patch,MIA,Home black
5/7/21,ARI,Road gray,NYM,Home white Tom Seaver 41 memorial patch
5/7/21,WSN,Road gray,NYY,Home white Whitey Ford 16 memorial patch
5/7/21,TBR,Road navy,OAK,Home white
5/7/21,SDP,Road sand,SFG,Home orange
5/7/21,COL,Road purple 2021 All Star Game patch,STL,Home white Bob Gibson 45 memorial patch
5/7/21,SEA,Road gray,TEX,Home red
5/8/21,PHI,Road gray Dick Allen 15 memorial patch,ATL,Home white 150th season patch
5/8/21,BOS,Road navy,BAL,Home orange
5/8/21,PIT,Road gray,CHC,Home white
5/8/21,CIN,Road gray Joe Morgan 8 memorial patch,CLE,Home white
5/8/21,MIN,Road gray Mike Bell MB memorial patch,DET,Home white
5/8/21,TOR,Road powder,HOU,Home white
5/8/21,CHW,Road black,KCR,Home white
5/8/21,LAD,Road gray Dodgers Tommy Lasorda TOMMY 2 memorial patch Don Sutton SUTTON 20 memorial patch,LAA,Home white
5/8/21,MIL,Road gray Hank Aaron 44 memorial patch,MIA,Home black
5/8/21,ARI,Road gray,NYM,Home white Tom Seaver 41 memorial patch
5/8/21,WSN,Road gray,NYY,Home white Whitey Ford 16 memorial patch
5/8/21,TBR,Road navy,OAK,Home white
5/8/21,SDP,Road sand,SFG,Home cream
5/8/21,COL,Road purple 2021 All Star Game patch,STL,Home cream Bob Gibson 45 memorial patch
5/8/21,SEA,Road gray,TEX,Home white blue hat
5/9/21,PHI,Road gray Mother’s Day hat and patch Dick Allen 15 memorial patch,ATL,Home white 150th season patch Mother’s Day hat and patch
5/9/21,BOS,Road gray Mother’s Day hat and patch,BAL,Home white Mother’s Day hat and patch
5/9/21,PIT,Road gray Mother’s Day hat and patch,CHC,Home white Mother’s Day hat and patch
5/9/21,CIN,Postponed - 8/9/21,CLE,Postponed - 8/9/21
5/9/21,MIN,Postponed - 7/16/21,DET,Postponed - 7/16/21
5/9/21,TOR,Road royal Mother’s Day hat and patch,HOU,Home white Mother’s Day hat and patch
5/9/21,CHW,Road black Mother’s Day hat and patch,KCR,Home powder Mother’s Day hat and patch
5/9/21,LAD,Road gray Dodgers Mother’s Day hat and patch Tommy Lasorda TOMMY 2 memorial patch Don Sutton SUTTON 20 memorial patch,LAA,Home white Mother’s Day hat and patch
5/9/21,MIL,Road gray Mother’s Day hat and patch Hank Aaron 44 memorial patch,MIA,Home white Mother’s Day hat and patch
5/9/21,ARI,Road gray Mother’s Day hat and patch,NYM,Home white Mother’s Day hat and patch Tom Seaver 41 memorial patch
5/9/21,WSN,Road red Mother’s Day hat and patch,NYY,Home white Mother’s Day hat and patch Whitey Ford 16 memorial patch
5/9/21,TBR,Road navy Mother’s Day hat and patch,OAK,Home white Mother’s Day hat and patch
5/9/21,SDP,Road brown Mother’s Day hat and patch,SFG,Home cream Mother’s Day hat and patch
5/9/21,COL,Road gray 2021 All Star Game patch Mother’s Day hat and patch,STL,Home white Mother’s Day hat and patch Bob Gibson 45 memorial patch
5/9/21,SEA,Road gray Mother’s Day hat and patch,TEX,Home powder Mother’s Day hat and patch
5/10/21,MIA,Road gray,ARI,Home white sand accents
5/10/21,BOS,Road navy,BAL,Home white
5/10/21,SDP,Postponed - 5/12/21,COL,Postponed - 5/12/21
5/10/21,LAA,Road gray,HOU,Home white
5/10/21,CIN,Road gray Joe Morgan 8 memorial patch,PIT,Home white
5/10/21,TEX,Road royal,SFG,Home cream
5/11/21,MIA,Road gray,ARI,Home white teal accents
5/11/21,TOR,Road royal,ATL,Home white 150th season patch
5/11/21,OAK,Road gray,BOS,Home red
5/11/21,MIN,Road navy Mike Bell MB memorial patch,CHW,Home white
5/11/21,CHC,Road gray,CLE,Home white
5/11/21,SDP,Road sand,COL,Home white 2021 All Star Game patch
5/11/21,KCR,Road gray,DET,Home white
5/11/21,LAA,Road gray,HOU,Home white
5/11/21,SEA,Road navy,LAD,Home white Tommy Lasorda TOMMY 2 memorial patch Don Sutton SUTTON 20 memorial patch
5/11/21,STL,Road gray Bob Gibson 45 memorial patch,MIL,Home cream Hank Aaron 44 memorial patch
5/11/21,BAL,Road gray,NYM,Home white Tom Seaver 41 memorial patch
5/11/21,CIN,Road gray Joe Morgan 8 memorial patch,PIT,Home white
5/11/21,TEX,Road gray,SFG,Home cream
5/11/21,NYY,Road gray Whitey Ford 16 memorial patch,TBR,Home navy
5/11/21,PHI,Road gray Dick Allen 15 memorial patch,WSN,Home white white panel hat
5/12/21,MIA,Road gray,ARI,Home red snake hat
5/12/21,TOR,Road powder,ATL,Home white 150th season patch
5/12/21,OAK,Road gray,BOS,Home white
5/12/21,MIN,Road navy Mike Bell MB memorial patch,CHW,Home white
5/12/21,CHC,Road royal,CLE,Home red
5/12/21,SDP,Road brown,COL,Home black 2021 All Star Game patch
5/12/21,SDP,Road sand,COL,Home white 2021 All Star Game patch
5/12/21,KCR,Road gray,DET,Home white
5/12/21,LAA,Road gray,HOU,Home white
5/12/21,SEA,Road navy,LAD,Home white Tommy Lasorda TOMMY 2 memorial patch Don Sutton SUTTON 20 memorial patch
5/12/21,STL,Road gray Bob Gibson 45 memorial patch,MIL,Home cream Hank Aaron 44 memorial patch
5/12/21,BAL,Road gray,NYM,Home white Tom Seaver 41 memorial patch
5/12/21,CIN,Road red Joe Morgan 8 memorial patch,PIT,Home white Military Appreciation
5/12/21,NYY,Road gray Whitey Ford 16 memorial patch,TBR,Home white
5/12/21,PHI,Road gray Dick Allen 15 memorial patch,WSN,Home white white panel hat
5/13/21,MIA,Road gray,ARI,Home white sand accents
5/13/21,TOR,Road royal,ATL,Home white 150th season patch
5/13/21,OAK,Road gray,BOS,Home white
5/13/21,MIN,Road gray Mike Bell MB memorial patch,CHW,Home black
5/13/21,CIN,Road gray Joe Morgan 8 memorial patch,COL,Home white 2021 All Star Game patch
5/13/21,KCR,Road royal,DET,Home white
5/13/21,TEX,Road royal,HOU,Home white
5/13/21,STL,Road gray Bob Gibson 45 memorial patch,MIL,Home cream Hank Aaron 44 memorial patch
5/13/21,SFG,Road gray,PIT,Home white
5/13/21,CLE,Road navy,SEA,Home white
5/13/21,NYY,Road gray Whitey Ford 16 memorial patch,TBR,Home powder
5/13/21,PHI,Road gray Dick Allen 15 memorial patch,WSN,Home white Curly W
5/14/21,WSN,Road gray Armed Forces hat,ARI,Home black Armed Forces hat
5/14/21,NYY,Road gray Armed Forces hat Whitey Ford 16 memorial patch,BAL,Home black Armed Forces hat
5/14/21,LAA,Road gray Armed Forces hat,BOS,Home white Armed Forces hat
5/14/21,KCR,Road royal Armed Forces hat,CHW,Home black Armed Forces hat
5/14/21,KCR,Road gray Armed Forces hat,CHW,Home white Armed Forces hat
5/14/21,CIN,Road gray Joe Morgan 8 memorial patch Armed Forces hat,COL,Home white 2021 All Star Game patch Armed Forces hat
5/14/21,CHC,Road royal Armed Forces hat,DET,Home white Armed Forces hat
5/14/21,TEX,Road gray Armed Forces hat,HOU,Home orange Armed Forces hat
5/14/21,MIA,Road black Armed Forces hat,LAD,Home white Armed Forces hat Tommy Lasorda TOMMY 2 memorial patch Don Sutton SUTTON 20 memorial patch
5/14/21,ATL,Road navy 150th season patch Armed Forces hat,MIL,Home white Armed Forces hat Hank Aaron 44 memorial patch
5/14/21,OAK,Road gray Armed Forces hat,MIN,Home red Armed Forces hat Mike Bell MB memorial patch
5/14/21,SFG,Road gray Armed Forces hat,PIT,Home white Military Appreciation Armed Forces hat
5/14/21,STL,Road gray Armed Forces hat Bob Gibson 45 memorial patch,SDP,Home white Armed Forces hat
5/14/21,CLE,Road gray Armed Forces hat,SEA,Home teal Armed Forces hat
5/14/21,NYM,Road gray Armed Forces hat Tom Seaver 41 memorial patch,TBR,Home navy Armed Forces hat
5/14/21,PHI,Road gray Armed Forces hat Dick Allen 15 memorial patch,TOR,Home royal Armed Forces hat
5/15/21,WSN,Road gray Armed Forces hat and patch,ARI,Home black Armed Forces hat and patch
5/15/21,NYY,Road gray Armed Forces hat and patch Whitey Ford 16 memorial patch,BAL,Home orange Armed Forces hat and patch
5/15/21,LAA,Road gray Armed Forces hat and patch,BOS,Home red Armed Forces hat and patch
5/15/21,KCR,Road gray Armed Forces hat and patch,CHW,Home white Armed Forces hat and patch
5/15/21,CIN,Road gray Joe Morgan 8 memorial patch Armed Forces hat and patch,COL,Home white 2021 All Star Game patch Armed Forces hat and patch
5/15/21,CHC,Road royal Armed Forces hat and patch,DET,Home white Armed Forces hat and patch
5/15/21,TEX,Road royal Armed Forces hat and patch,HOU,Home white Armed Forces hat and patch
5/15/21,MIA,Road black Armed Forces hat and patch,LAD,Home white Armed Forces hat and patch Tommy Lasorda TOMMY 2 memorial patch Don Sutton SUTTON 20 memorial patch
5/15/21,ATL,Road navy 150th season patch Armed Forces hat and patch,MIL,Home white Armed Forces hat and patch Hank Aaron 44 memorial patch
5/15/21,OAK,Road gray Armed Forces hat and patch,MIN,Home navy Armed Forces hat and patch Mike Bell MB memorial patch
5/15/21,SFG,Road gray Armed Forces hat and patch,PIT,Home white Military Appreciation Armed Forces hat and patch
5/15/21,STL,Road gray Armed Forces hat and patch Bob Gibson 45 memorial patch,SDP,Home white Armed Forces hat and patch
5/15/21,CLE,Road navy Armed Forces hat and patch,SEA,Home white Armed Forces hat and patch
5/15/21,NYM,Road gray Armed Forces hat and patch Tom Seaver 41 memorial patch,TBR,Home navy Armed Forces hat and patch
5/15/21,PHI,Road gray Armed Forces hat and patch Dick Allen 15 memorial patch,TOR,Home royal Armed Forces hat and patch
5/16/21,WSN,Road navy Armed Forces hat,ARI,Home red Armed Forces hat
5/16/21,NYY,Road gray Armed Forces hat Whitey Ford 16 memorial patch,BAL,Home white Armed Forces hat
5/16/21,LAA,Road gray Armed Forces hat,BOS,Home red Armed Forces hat
5/16/21,KCR,Road royal Armed Forces hat,CHW,Home black Armed Forces hat
5/16/21,CIN,Road red Joe Morgan 8 memorial patch Armed Forces hat,COL,Home white 2021 All Star Game patch Armed Forces hat
5/16/21,CHC,Road royal Armed Forces hat,DET,Home white Armed Forces hat
5/16/21,TEX,Road gray Armed Forces hat,HOU,Home navy Armed Forces hat
5/16/21,MIA,Road gray Armed Forces hat,LAD,Home white Armed Forces hat Tommy Lasorda TOMMY 2 memorial patch Don Sutton SUTTON 20 memorial patch
5/16/21,ATL,Road gray 150th season patch Armed Forces hat,MIL,Home white Armed Forces hat Hank Aaron 44 memorial patch
5/16/21,OAK,Road gray Armed Forces hat,MIN,Home red Armed Forces hat Mike Bell MB memorial patch
5/16/21,SFG,Road gray Armed Forces hat,PIT,Home white Military Appreciation Armed Forces hat
5/16/21,STL,Road gray Armed Forces hat Bob Gibson 45 memorial patch,SDP,Home camo brown Armed Forces hat
5/16/21,CLE,Road navy Armed Forces hat,SEA,Home cream Armed Forces hat
5/16/21,NYM,Road gray Armed Forces hat Tom Seaver 41 memorial patch,TBR,Home powder Armed Forces hat
5/16/21,PHI,Road gray Armed Forces hat Dick Allen 15 memorial patch,TOR,Home royal Armed Forces hat
5/17/21,NYM,Road royal Tom Seaver 41 memorial patch,ATL,Home white 150th season patch
5/17/21,WSN,Road navy,CHC,Home white
5/17/21,SFG,Road gray,CIN,Home white Joe Morgan 8 memorial patch
5/17/21,CLE,Road navy,LAA,Home white
5/17/21,ARI,Road gray,LAD,Home white Tommy Lasorda TOMMY 2 memorial patch Don Sutton SUTTON 20 memorial patch
5/17/21,CHW,Road gray,MIN,Home red Mike Bell MB memorial patch
5/17/21,COL,Road purple 2021 All Star Game patch,SDP,Home white
5/17/21,DET,Road gray,SEA,Home white
5/17/21,NYY,Road gray Whitey Ford 16 memorial patch,TEX,Home white blue hat
5/18/21,NYM,Road royal Tom Seaver 41 memorial patch,ATL,Home white 150th season patch
5/18/21,TBR,Road navy,BAL,Home white
5/18/21,WSN,Road navy,CHC,Home white
5/18/21,SFG,Road gray,CIN,Home white Joe Morgan 8 memorial patch
5/18/21,MIL,Road gray Hank Aaron 44 memorial patch,KCR,Home white
5/18/21,CLE,Road navy,LAA,Home white
5/18/21,ARI,Road gray,LAD,Home white Tommy Lasorda TOMMY 2 memorial patch Don Sutton SUTTON 20 memorial patch
5/18/21,CHW,Road black,MIN,Home white Mike Bell MB memorial patch
5/18/21,HOU,Road gray,OAK,Home white
5/18/21,MIA,Road gray,PHI,Home white Dick Allen 15 memorial patch
5/18/21,COL,Road black 2021 All Star Game patch,SDP,Home white
5/18/21,DET,Road gray,SEA,Home white
5/18/21,PIT,Road black,STL,Home white Bob Gibson 45 memorial patch
5/18/21,NYY,Road gray Whitey Ford 16 memorial patch,TEX,Home white blue hat
5/18/21,BOS,Road navy,TOR,Home powder
5/19/21,NYM,Road gray Tom Seaver 41 memorial patch,ATL,Home white 150th season patch
5/19/21,TBR,Road navy,BAL,Home white
5/19/21,WSN,Road navy,CHC,Home white
5/19/21,SFG,Road gray,CIN,Home white Joe Morgan 8 memorial patch
5/19/21,MIL,Road navy Hank Aaron 44 memorial patch,KCR,Home white
5/19/21,CLE,Road navy,LAA,Home white
5/19/21,ARI,Road red snake hat,LAD,Home white Tommy Lasorda TOMMY 2 memorial patch Don Sutton SUTTON 20 memorial patch
5/19/21,CHW,Road black,MIN,Home white Mike Bell MB memorial patch
5/19/21,HOU,Road gray,OAK,Home white
5/19/21,MIA,Road gray,PHI,Home white Dick Allen 15 memorial patch
5/19/21,COL,Road gray 2021 All Star Game patch,SDP,Home white
5/19/21,DET,Road gray,SEA,Home white
5/19/21,PIT,Road gray,STL,Home white Bob Gibson 45 memorial patch
5/19/21,NYY,Road gray Whitey Ford 16 memorial patch,TEX,Home white blue hat
5/19/21,BOS,Road navy,TOR,Home royal
5/20/21,PIT,Road black,ATL,Home white 150th season patch
5/20/21,TBR,Road navy,BAL,Home white
5/20/21,WSN,Road gray,CHC,Home white
5/20/21,SFG,Road gray,CIN,Home red Joe Morgan 8 memorial patch
5/20/21,MIN,Road navy Mike Bell MB memorial patch,LAA,Home white
5/20/21,MIN,Road gray Mike Bell MB memorial patch,LAA,Home red
5/20/21,ARI,Road gray,LAD,Home white Tommy Lasorda TOMMY 2 memorial patch Don Sutton SUTTON 20 memorial patch
5/20/21,HOU,Road orange,OAK,Home white
5/20/21,MIA,Road gray,PHI,Home throwback Dick Allen 15 memorial patch
5/20/21,NYY,Road gray Whitey Ford 16 memorial patch,TEX,Home white red hat
5/20/21,BOS,Road navy,TOR,Home white
5/21/21,PIT,Road black,ATL,Home red 150th season patch
5/21/21,MIL,Road navy Hank Aaron 44 memorial patch,CIN,Home white Joe Morgan 8 memorial patch
5/21/21,MIN,Road navy Mike Bell MB memorial patch,CLE,Home white
5/21/21,ARI,Road gray,COL,Home purple 2021 All Star Game patch
5/21/21,DET,Road gray,KCR,Home white gold trim
5/21/21,OAK,Road gray,LAA,Home white
5/21/21,NYM,Road gray Tom Seaver 41 memorial patch,MIA,City Connect
5/21/21,CHW,Road gray,NYY,Home white Whitey Ford 16 memorial patch
5/21/21,BOS,Road navy,PHI,Home white Dick Allen 15 memorial patch
5/21/21,SEA,Road gray,SDP,Home white
5/21/21,LAD,Road gray Los Angeles Tommy Lasorda TOMMY 2 memorial patch Don Sutton SUTTON 20 memorial patch,SFG,Home orange
5/21/21,CHC,Road royal,STL,Home white Bob Gibson 45 memorial patch
5/21/21,HOU,Road gray,TEX,Home red
5/21/21,TBR,Road navy,TOR,Home royal
5/21/21,BAL,Road gray,WSN,Home navy
5/22/21,PIT,Road black,ATL,Home white 150th season patch
5/22/21,MIL,Road navy Hank Aaron 44 memorial patch,CIN,Home white Joe Morgan 8 memorial patch
5/22/21,MIN,Road navy Mike Bell MB memorial patch,CLE,Home red
5/22/21,ARI,Road gray,COL,Home white 2021 All Star Game patch
5/22/21,DET,Road gray,KCR,Home powder
5/22/21,OAK,Road gray,LAA,Home white
5/22/21,NYM,Road gray Tom Seaver 41 memorial patch,MIA,City Connect
5/22/21,CHW,Road gray,NYY,Home white Whitey Ford 16 memorial patch
5/22/21,BOS,Road navy,PHI,Home white Dick Allen 15 memorial patch
5/22/21,SEA,Road navy,SDP,Home white
5/22/21,LAD,Road gray Los Angeles Tommy Lasorda TOMMY 2 memorial patch Don Sutton SUTTON 20 memorial patch,SFG,Home black
5/22/21,CHC,Road gray,STL,Home cream Bob Gibson 45 memorial patch
5/22/21,HOU,Road gray,TEX,Home white blue hat
5/22/21,TBR,Road navy,TOR,Home royal
5/22/21,BAL,Road orange,WSN,Home white Curly W
5/23/21,PIT,Road gray,ATL,Home cream
5/23/21,MIL,Road navy Hank Aaron 44 memorial patch,CIN,Home red Joe Morgan 8 memorial patch
5/23/21,MIN,Road navy Mike Bell MB memorial patch,CLE,Home white
5/23/21,ARI,Road red snake hat,COL,Home white 2021 All Star Game patch
5/23/21,DET,Road Negro League,KCR,Home Negro League
5/23/21,OAK,Road gray,LAA,Home white
5/23/21,NYM,Road royal Tom Seaver 41 memorial patch,MIA,City Connect
5/23/21,CHW,Road gray,NYY,Home white Whitey Ford 16 memorial patch
5/23/21,BOS,Road navy,PHI,Home cream Dick Allen 15 memorial patch
5/23/21,SEA,Road navy,SDP,Home camo green
5/23/21,LAD,Road gray Los Angeles Tommy Lasorda TOMMY 2 memorial patch Don Sutton SUTTON 20 memorial patch,SFG,Home cream
5/23/21,CHC,Road royal,STL,Home white Sunday hat Bob Gibson 45 memorial patch
5/23/21,HOU,Road orange,TEX,Home powder
5/23/21,TBR,Road navy,TOR,Home powder
5/23/21,BAL,Road black,WSN,Home white Curly W
5/24/21,STL,Road gray Bob Gibson 45 memorial patch,CHW,Home black
5/24/21,CLE,Road navy,DET,Home white
5/24/21,PHI,Road gray Dick Allen 15 memorial patch,MIA,Home white
5/24/21,SDP,Road sand,MIL,Home cream Hank Aaron 44 memorial patch
5/24/21,BAL,Road gray,MIN,Home white Mike Bell MB memorial patch
5/24/21,COL,Road black 2021 All Star Game patch,NYM,Home white Tom Seaver 41 memorial patch
5/24/21,SEA,Road navy,OAK,Home white
5/24/21,TBR,Road navy,TOR,Home white
5/25/21,SFG,Road gray,ARI,Home white teal accents
5/25/21,ATL,Road navy 150th season patch,BOS,Home white
5/25/21,STL,Road gray Bob Gibson 45 memorial patch,CHW,Home black
5/25/21,CLE,Road navy,DET,Home white
5/25/21,LAD,Road gray Los Angeles Tommy Lasorda TOMMY 2 memorial patch Don Sutton SUTTON 20 memorial patch,HOU,Home white
5/25/21,TEX,Road royal,LAA,Home red
5/25/21,PHI,Road gray Dick Allen 15 memorial patch,MIA,Home white
5/25/21,SDP,Road sand,MIL,Home cream Hank Aaron 44 memorial patch
5/25/21,BAL,Road gray,MIN,Home white Mike Bell MB memorial patch
5/25/21,COL,Road gray 2021 All Star Game patch,NYM,Home white Tom Seaver 41 memorial patch
5/25/21,TOR,Road royal,NYY,Home white Whitey Ford 16 memorial patch
5/25/21,SEA,Road navy,OAK,Home white
5/25/21,CHC,Road royal,PIT,Home black
5/25/21,KCR,Road gray,TBR,Home powder
5/25/21,CIN,Road gray Joe Morgan 8 memorial patch,WSN,Home white white panel hat
5/26/21,SFG,Road gray,ARI,Home red A hat
5/26/21,ATL,Road navy 150th season patch,BOS,Home white
5/26/21,STL,Road gray Bob Gibson 45 memorial patch,CHW,Home black
5/26/21,CLE,Road navy,DET,Home white
5/26/21,LAD,Road gray Los Angeles Tommy Lasorda TOMMY 2 memorial patch Don Sutton SUTTON 20 memorial patch,HOU,Home white
5/26/21,TEX,Road gray,LAA,Home white
5/26/21,PHI,Road gray Dick Allen 15 memorial patch,MIA,Home white
5/26/21,SDP,Road brown,MIL,Home cream Hank Aaron 44 memorial patch
5/26/21,BAL,Road gray,MIN,Home red Mike Bell MB memorial patch
5/26/21,COL,Postponed - 5/27/21,NYM,Postponed - 5/27/21
5/26/21,TOR,Postponed - 5/27/21,NYY,Postponed - 5/27/21
5/26/21,SEA,Road navy,OAK,Home kelly green
5/26/21,CHC,Road gray,PIT,Home white Military Appreciation
5/26/21,KCR,Road gray,TBR,Home navy
5/26/21,CIN,Road gray Joe Morgan 8 memorial patch,WSN,Home white Curly W
5/27/21,STL,Road gray Bob Gibson 45 memorial patch,ARI,Home white sand accents
5/27/21,BAL,Road gray,CHW,Home white
5/27/21,CLE,Road navy,DET,Home white
5/27/21,SFG,Road gray,LAD,Home white Tommy Lasorda TOMMY 2 memorial patch Don Sutton SUTTON 20 memorial patch
5/27/21,PHI,Road gray Dick Allen 15 memorial patch,MIA,Home white
5/27/21,SDP,Road brown,MIL,Home cream Hank Aaron 44 memorial patch
5/27/21,COL,Road purple 2021 All Star Game patch,NYM,Home white Tom Seaver 41 memorial patch
5/27/21,COL,Road black 2021 All Star Game patch,NYM,Home white Tom Seaver 41 memorial patch
5/27/21,TOR,Road powder,NYY,Home white Whitey Ford 16 memorial patch
5/27/21,TOR,Road royal,NYY,Home white Whitey Ford 16 memorial patch
5/27/21,LAA,Road gray,OAK,Home kelly green
5/27/21,CHC,Road royal,PIT,Home white
5/27/21,TEX,Road gray,SEA,Home white
5/27/21,KCR,Road royal,TBR,Home navy
5/27/21,CIN,Road gray Joe Morgan 8 memorial patch,WSN,Home navy
5/28/21,STL,Road gray Bob Gibson 45 memorial patch,ARI,Home white teal accents
5/28/21,MIA,Road black,BOS,Home red
5/28/21,CIN,Road gray Joe Morgan 8 memorial patch,CHC,Home white
5/28/21,BAL,Postponed - 5/29/21,CHW,Postponed - 5/29/21
5/28/21,TOR,Road powder,CLE,Home white
5/28/21,NYY,Road gray Whitey Ford 16 memorial patch,DET,Home white
5/28/21,SDP,Road sand,HOU,Home orange
5/28/21,SFG,Road gray,LAD,Home white Tommy Lasorda TOMMY 2 memorial patch Don Sutton SUTTON 20 memorial patch
5/28/21,KCR,Road gray,MIN,Home red Mike Bell MB memorial patch
5/28/21,ATL,Postponed - 6/21/21,NYM,Postponed - 6/21/21
5/28/21,LAA,Road gray,OAK,Home kelly green
5/28/21,COL,Postponed - 5/29/21,PIT,Postponed - 5/29/21
5/28/21,TEX,Road royal,SEA,Home teal
5/28/21,MIL,Postponed - 5/29/21,WSN,Postponed - 5/29/21
5/29/21,STL,Road powder Bob Gibson 45 memorial patch,ARI,Home black
5/29/21,MIA,Road black,BOS,Home red
5/29/21,CIN,Road gray Joe Morgan 8 memorial patch,CHC,Home white
5/29/21,BAL,Road gray,CHW,Home black
5/29/21,BAL,Road orange,CHW,Home black
5/29/21,TOR,Postponed - 5/30/21,CLE,Postponed - 5/30/21
5/29/21,NYY,Road gray Whitey Ford 16 memorial patch,DET,Home white
5/29/21,SDP,Road sand,HOU,Home white
5/29/21,SFG,Road gray,LAD,Home white Tommy Lasorda TOMMY 2 memorial patch Don Sutton SUTTON 20 memorial patch
5/29/21,KCR,Road royal,MIN,Home navy Mike Bell MB memorial patch
5/29/21,ATL,Road navy 150th season patch,NYM,Home white Tom Seaver 41 memorial patch
5/29/21,LAA,Road gray,OAK,Home kelly green
5/29/21,COL,Road gray 2021 All Star Game patch,PIT,Home white
5/29/21,COL,Road purple 2021 All Star Game patch,PIT,Home white
5/29/21,TEX,Road royal,SEA,Home white
5/29/21,PHI,Road gray Dick Allen 15 memorial patch,TBR,Home throwback
5/29/21,MIL,Road gray Hank Aaron 44 memorial patch,WSN,Home white Curly W
5/29/21,MIL,Road gray Hank Aaron 44 memorial patch,WSN,Home navy
5/30/21,STL,Road gray Bob Gibson 45 memorial patch,ARI,Home red snake hat
5/30/21,MIA,Postponed - 6/7/21,BOS,Postponed - 6/7/21
5/30/21,CIN,Road red Joe Morgan 8 memorial patch,CHC,Home white
5/30/21,BAL,Road black,CHW,Home throwback
5/30/21,TOR,Road royal,CLE,Home white
5/30/21,TOR,Road powder,CLE,Home red
5/30/21,NYY,Road gray Whitey Ford 16 memorial patch,DET,Home white
5/30/21,SDP,Road sand,HOU,Home navy
5/30/21,SFG,Road gray,LAD,Home white Tommy Lasorda TOMMY 2 memorial patch Don Sutton SUTTON 20 memorial patch
5/30/21,KCR,Road royal,MIN,Home white Mike Bell MB memorial patch
5/30/21,ATL,Postponed - 7/26/21,NYM,Postponed - 7/26/21
5/30/21,LAA,Road gray,OAK,Home kelly green
5/30/21,COL,Road gray 2021 All Star Game patch,PIT,Home black
5/30/21,TEX,Road gray,SEA,Home cream
5/30/21,PHI,Road gray Dick Allen 15 memorial patch,TBR,Home powder throwback hat
5/30/21,MIL,Road gray Hank Aaron 44 memorial patch,WSN,Home white Curly W
5/31/21,NYM,Road gray Memorial Day patch Tom Seaver 41 memorial patch,ARI,Home black Memorial Day patch
5/31/21,WSN,Road navy Memorial Day patch,ATL,Home white 150th season patch Memorial Day patch
5/31/21,MIN,Road gray Memorial Day patch Mike Bell MB memorial patch,BAL,Home white Memorial Day patch
5/31/21,SDP,Road brown Memorial Day patch,CHC,Home white Memorial Day patch
5/31/21,PHI,Road gray Memorial Day patch Dick Allen 15 memorial patch,CIN,Home white Joe Morgan 8 memorial patch Memorial Day patch
5/31/21,CHW,Road gray Memorial Day patch,CLE,Home red Memorial Day patch
5/31/21,CHW,Road black Memorial Day patch,CLE,Home white Memorial Day patch
5/31/21,BOS,Road navy Memorial Day patch,HOU,Home white Hispanic Heritage
5/31/21,PIT,Road gray Memorial Day patch,KCR,Home white Memorial Day patch
5/31/21,STL,Road gray Memorial Day patch Bob Gibson 45 memorial patch,LAD,Home white Memorial Day patch Tommy Lasorda TOMMY 2 memorial patch Don Sutton SUTTON 20 memorial patch
5/31/21,DET,Road gray Memorial Day patch,MIL,Home cream Memorial Day patch Hank Aaron 44 memorial patch
5/31/21,TBR,Road navy Memorial Day patch,NYY,Home white Memorial Day patch Whitey Ford 16 memorial patch
5/31/21,OAK,Road green Memorial Day patch,SEA,Home white Memorial Day patch
5/31/21,LAA,Road gray Memorial Day patch,SFG,Home cream Memorial Day patch
6/1/21,NYM,Road gray Tom Seaver 41 memorial patch,ARI,Home white teal accents
6/1/21,WSN,Road navy,ATL,Home white 150th season patch
6/1/21,MIN,Road gray Mike Bell MB memorial patch,BAL,Home white
6/1/21,SDP,Road sand,CHC,Home white
6/1/21,PHI,Road gray Dick Allen 15 memorial patch,CIN,Home red Joe Morgan 8 memorial patch
6/1/21,CHW,Road gray,CLE,Home white
6/1/21,TEX,Road royal,COL,Home white 2021 All Star Game patch
6/1/21,BOS,Road navy,HOU,Home white
6/1/21,PIT,Road black,KCR,Home white
6/1/21,STL,Road gray Bob Gibson 45 memorial patch,LAD,Home white Tommy Lasorda TOMMY 2 memorial patch Don Sutton SUTTON 20 memorial patch
6/1/21,DET,Road gray,MIL,Home cream Hank Aaron 44 memorial patch
6/1/21,TBR,Road navy,NYY,Home white Whitey Ford 16 memorial patch
6/1/21,OAK,Road gray,SEA,Home white
6/1/21,LAA,Road red,SFG,Home cream
6/1/21,MIA,Road gray,TOR,Home royal
6/2/21,NYM,Road gray Lou Gehrig Day patch Tom Seaver 41 memorial patch,ARI,Home red snake hat Lou Gehrig Day patch
6/2/21,WSN,Road navy Lou Gehrig Day patch,ATL,Home white 150th season patch Lou Gehrig Day patch
6/2/21,MIN,Road navy Lou Gehrig Day patch Mike Bell MB memorial patch,BAL,Home white Lou Gehrig Day patch
6/2/21,SDP,Road sand Lou Gehrig Day patch,CHC,Home white Lou Gehrig Day patch
6/2/21,PHI,Postponed - 6/28/21,CIN,Postponed - 6/28/21
6/2/21,CHW,Postponed - 9/23/21,CLE,Postponed - 9/23/21
6/2/21,TEX,Road royal Lou Gehrig Day patch,COL,Home white 2021 All Star Game patch Lou Gehrig Day patch
6/2/21,BOS,Road gray Lou Gehrig Day patch,HOU,Home white Lou Gehrig Day patch
6/2/21,STL,Road gray Lou Gehrig Day patch Bob Gibson 45 memorial patch,LAD,Home white Lou Gehrig Day patch Tommy Lasorda TOMMY 2 memorial patch Don Sutton SUTTON 20 memorial patch
6/2/21,TBR,Road navy Lou Gehrig Day patch,NYY,Home white Lou Gehrig Day patch Whitey Ford 16 memorial patch
6/2/21,OAK,Road gray Lou Gehrig Day patch,SEA,Home white Lou Gehrig Day patch
6/2/21,MIA,Road gray Lou Gehrig Day patch,TOR,Home powder Lou Gehrig Day patch
6/3/21,WSN,Road gray,ATL,Home white 150th season patch
6/3/21,DET,Road gray Lou Gehrig Day patch,CHW,Home black Lou Gehrig Day patch
6/3/21,TEX,Road gray,COL,Home white 2021 All Star Game patch
6/3/21,BOS,Road navy,HOU,Home white
6/3/21,MIN,Road navy Lou Gehrig Day patch Mike Bell MB memorial patch,KCR,Home white Lou Gehrig Day patch
6/3/21,SEA,Road navy Lou Gehrig Day patch,LAA,Home white Lou Gehrig Day patch
6/3/21,ARI,Road gray Lou Gehrig Day patch,MIL,Home cream Lou Gehrig Day patch Hank Aaron 44 memorial patch
6/3/21,TBR,Road gray,NYY,Home white Whitey Ford 16 memorial patch
6/3/21,MIA,Road gray Lou Gehrig Day patch,PIT,Home white Lou Gehrig Day patch
6/3/21,NYM,Road royal Tom Seaver 41 memorial patch,SDP,Home white
6/3/21,CHC,Road royal Lou Gehrig Day patch,SFG,Home cream Lou Gehrig Day patch
6/3/21,CIN,Road gray Joe Morgan 8 memorial patch,STL,Home white Bob Gibson 45 memorial patch
6/4/21,LAD,Road gray Los Angeles Tommy Lasorda TOMMY 2 memorial patch Don Sutton SUTTON 20 memorial patch,ATL,Home red 150th season patch
6/4/21,CLE,Road gray,BAL,Home black
6/4/21,DET,Road gray,CHW,Home black
6/4/21,OAK,Road gray,COL,Home purple 2021 All Star Game patch
6/4/21,MIN,Road gray Mike Bell MB memorial patch,KCR,Home white gold trim
6/4/21,SEA,Road navy,LAA,Home red
6/4/21,ARI,Road gray,MIL,Home white Hank Aaron 44 memorial patch
6/4/21,BOS,Road navy,NYY,Home white Whitey Ford 16 memorial patch
6/4/21,WSN,Road navy,PHI,Home white Lou Gehrig Day patch Dick Allen 15 memorial patch
6/4/21,MIA,Road black,PIT,Home white
6/4/21,NYM,Road gray Tom Seaver 41 memorial patch,SDP,Home white
6/4/21,CHC,Road royal,SFG,Home orange
6/4/21,CIN,Road gray Joe Morgan 8 memorial patch,STL,Home white Bob Gibson 45 memorial patch
6/4/21,TBR,Road gray,TEX,Home red
6/4/21,HOU,Road gray,TOR,Home powder
6/5/21,LAD,Road gray Los Angeles Tommy Lasorda TOMMY 2 memorial patch Don Sutton SUTTON 20 memorial patch,ATL,Home white 150th season patch
6/5/21,CLE,Road navy,BAL,Home orange
6/5/21,DET,Road gray,CHW,City Connect
6/5/21,OAK,Road green,COL,Home white 2021 All Star Game patch
6/5/21,MIN,Road navy Mike Bell MB memorial patch,KCR,Home powder
6/5/21,SEA,Road navy,LAA,Home white
6/5/21,ARI,Road gray,MIL,Home white Hank Aaron 44 memorial patch
6/5/21,BOS,Road navy,NYY,Home white Whitey Ford 16 memorial patch
6/5/21,WSN,Road navy,PHI,Home cream Dick Allen 15 memorial patch
6/5/21,MIA,Road black,PIT,Home white
6/5/21,NYM,Road gray Tom Seaver 41 memorial patch,SDP,Home white
6/5/21,CHC,Road royal,SFG,Home cream Pride hat
6/5/21,CIN,Road red Joe Morgan 8 memorial patch,STL,Home cream Bob Gibson 45 memorial patch
6/5/21,TBR,Road gray,TEX,Home white blue hat
6/5/21,HOU,Road gray,TOR,Home royal
6/6/21,LAD,Road gray Los Angeles Tommy Lasorda TOMMY 2 memorial patch Don Sutton SUTTON 20 memorial patch,ATL,Home cream
6/6/21,CLE,Road gray,BAL,Home white
6/6/21,DET,Road gray,CHW,Home throwback
6/6/21,OAK,Road kelly green,COL,Home purple 2021 All Star Game patch
6/6/21,MIN,Road navy Mike Bell MB memorial patch,KCR,Home powder
6/6/21,SEA,Road navy,LAA,Home white
6/6/21,ARI,Road red snake hat,MIL,Home white Hank Aaron 44 memorial patch
6/6/21,BOS,Road navy,NYY,Home white Whitey Ford 16 memorial patch
6/6/21,WSN,Road gray,PHI,Home cream Dick Allen 15 memorial patch
6/6/21,MIA,Road gray,PIT,Home white
6/6/21,NYM,Road gray Tom Seaver 41 memorial patch,SDP,Home camo brown
6/6/21,CHC,Road royal,SFG,Home cream
6/6/21,CIN,Road red Joe Morgan 8 memorial patch,STL,Home white Sunday hat Bob Gibson 45 memorial patch
6/6/21,TBR,Road gray,TEX,Home powder
6/6/21,HOU,Road orange,TOR,Home white
6/7/21,MIA,Road gray,BOS,Home white
6/7/21,KCR,Road gray,LAA,Home white
6/7/21,CHC,Road gray,SDP,Home white
6/8/21,NYM,Road gray Tom Seaver 41 memorial patch,BAL,Home white
6/8/21,HOU,Road gray,BOS,Home white
6/8/21,TOR,Road royal,CHW,Home black
6/8/21,MIL,Road gray Hank Aaron 44 memorial patch,CIN,Home white Joe Morgan 8 memorial patch
6/8/21,SEA,Road navy,DET,Home white
6/8/21,KCR,Road gray,LAA,Home white
6/8/21,COL,Road black 2021 All Star Game patch,MIA,Home white
6/8/21,NYY,Road gray Whitey Ford 16 memorial patch,MIN,Home white Mike Bell MB memorial patch
6/8/21,ARI,Road gray,OAK,Home white
6/8/21,ATL,Road gray 150th season patch,PHI,Home white Dick Allen 15 memorial patch
6/8/21,LAD,Road gray Los Angeles Tommy Lasorda TOMMY 2 memorial patch Don Sutton SUTTON 20 memorial patch,PIT,Home white
6/8/21,CHC,Road royal,SDP,Home white
6/8/21,CLE,Road navy,STL,Home white Bob Gibson 45 memorial patch
6/8/21,WSN,Road gray,TBR,Home navy
6/8/21,SFG,Road gray,TEX,Home white blue hat
6/9/21,NYM,Road royal Tom Seaver 41 memorial patch,BAL,Home white
6/9/21,HOU,Road gray,BOS,Home red
6/9/21,TOR,Road gray,CHW,Home black
6/9/21,MIL,Road gray Hank Aaron 44 memorial patch,CIN,Home white Joe Morgan 8 memorial patch
6/9/21,SEA,Road navy,DET,Home white
6/9/21,KCR,Road gray,LAA,Home white
6/9/21,COL,Road black 2021 All Star Game patch,MIA,Home white
6/9/21,NYY,Road gray Whitey Ford 16 memorial patch,MIN,Home powder Mike Bell MB memorial patch
6/9/21,ARI,Road red snake hat,OAK,Home white
6/9/21,ATL,Road navy 150th season patch,PHI,Home white Dick Allen 15 memorial patch
6/9/21,LAD,Road gray Los Angeles Tommy Lasorda TOMMY 2 memorial patch Don Sutton SUTTON 20 memorial patch,PIT,Home white Military Appreciation
6/9/21,CHC,Road royal,SDP,Home white
6/9/21,CLE,Road gray,STL,Home white Bob Gibson 45 memorial patch
6/9/21,WSN,Road gray,TBR,Home navy
6/9/21,SFG,Road gray,TEX,Home white red hat
6/10/21,HOU,Road gray,BOS,Home red
6/10/21,TOR,Road powder,CHW,Home black
6/10/21,MIL,Road navy Hank Aaron 44 memorial patch,CIN,Home red Joe Morgan 8 memorial patch
6/10/21,SEA,Road gray,DET,Home white
6/10/21,COL,Road purple 2021 All Star Game patch,MIA,Home white
6/10/21,NYY,Road gray Whitey Ford 16 memorial patch,MIN,Home red Mike Bell MB memorial patch
6/10/21,KCR,Road gray,OAK,Home kelly green
6/10/21,ATL,Road gray 150th season patch,PHI,Home throwback Dick Allen 15 memorial patch
6/10/21,LAD,Road gray Los Angeles Tommy Lasorda TOMMY 2 memorial patch Don Sutton SUTTON 20 memorial patch,PIT,Home white
6/10/21,SFG,Postponed - 6/12/21,WSN,Postponed - 6/12/21
6/11/21,LAA,Road gray,ARI,Home white teal accents
6/11/21,TOR,Road royal,BOS,Home red
6/11/21,STL,Road gray Bob Gibson 45 memorial patch,CHC,Home white
6/11/21,COL,Road gray 2021 All Star Game patch,CIN,Home white Joe Morgan 8 memorial patch
6/11/21,SEA,Road navy,CLE,Home white
6/11/21,CHW,Road black,DET,Home white
6/11/21,TEX,Road royal,LAD,Home white Tommy Lasorda TOMMY 2 memorial patch Don Sutton SUTTON 20 memorial patch
6/11/21,ATL,Road gray 150th season patch,MIA,Home black
6/11/21,PIT,Road black,MIL,Home white Hank Aaron 44 memorial patch
6/11/21,HOU,Road gray,MIN,Home red Mike Bell MB memorial patch
6/11/21,SDP,Road sand,NYM,Home white Tom Seaver 41 memorial patch
6/11/21,KCR,Road gray,OAK,Home green
6/11/21,BAL,Road black,TBR,Home white
6/11/21,SFG,Road gray,WSN,Home navy
6/12/21,LAA,Road gray,ARI,Home black
6/12/21,TOR,Road royal,BOS,Home white
6/12/21,STL,Road powder Bob Gibson 45 memorial patch,CHC,City Connect
6/12/21,COL,Road purple 2021 All Star Game patch,CIN,Home red Joe Morgan 8 memorial patch
6/12/21,SEA,Road navy,CLE,Home white
6/12/21,CHW,Road gray,DET,Home white
6/12/21,TEX,Road gray,LAD,Home white Tommy Lasorda TOMMY 2 memorial patch Don Sutton SUTTON 20 memorial patch
6/12/21,ATL,Road gray 150th season patch,MIA,Home black
6/12/21,PIT,Road gray,MIL,Home white Hank Aaron 44 memorial patch
6/12/21,HOU,Road gray,MIN,Home navy Mike Bell MB memorial patch
6/12/21,SDP,Road sand,NYM,Home white Tom Seaver 41 memorial patch
6/12/21,KCR,Road royal,OAK,Home white
6/12/21,NYY,Road gray Whitey Ford 16 memorial patch,PHI,Home cream Dick Allen 15 memorial patch
6/12/21,BAL,Road orange,TBR,Home powder
6/12/21,SFG,Road gray,WSN,Home white red hat
6/12/21,SFG,Road gray,WSN,Home navy
6/13/21,LAA,Road gray,ARI,Home red snake hat
6/13/21,TOR,Road royal,BOS,Home red
6/13/21,STL,Road gray Bob Gibson 45 memorial patch,CHC,Home white
6/13/21,COL,Road gray 2021 All Star Game patch,CIN,Home red Joe Morgan 8 memorial patch
6/13/21,SEA,Road navy,CLE,Home red
6/13/21,CHW,Road gray,DET,Home white
6/13/21,TEX,Road gray,LAD,Home white Tommy Lasorda TOMMY 2 memorial patch Don Sutton SUTTON 20 memorial patch
6/13/21,ATL,Road gray 150th season patch,MIA,Home white
6/13/21,PIT,Road black,MIL,Home white Hank Aaron 44 memorial patch
6/13/21,HOU,Road gray,MIN,Home red Mike Bell MB memorial patch
6/13/21,SDP,Road brown,NYM,Home white Tom Seaver 41 memorial patch
6/13/21,KCR,Road royal,OAK,Home kelly green
6/13/21,NYY,Road gray Whitey Ford 16 memorial patch,PHI,Home cream Dick Allen 15 memorial patch
6/13/21,BAL,Road gray,TBR,Home powder throwback hat
6/13/21,SFG,Road gray,WSN,Home white Curly W
6/14/21,TOR,Road royal,BOS,Home red
6/14/21,TBR,Road gray,CHW,Home black
6/14/21,BAL,Road gray,CLE,Home red
6/14/21,SDP,Road brown,COL,Home purple 2021 All Star Game patch
6/14/21,DET,Road gray,KCR,Home white
6/14/21,PHI,Road gray Dick Allen 15 memorial patch,LAD,Home white Tommy Lasorda TOMMY 2 memorial patch Don Sutton SUTTON 20 memorial patch
6/14/21,CIN,Road gray Joe Morgan 8 memorial patch,MIL,Home cream Hank Aaron 44 memorial patch
6/14/21,CHC,Road royal,NYM,Home white Tom Seaver 41 memorial patch
6/14/21,LAA,Road gray,OAK,Home kelly green
6/14/21,MIN,Road gray Mike Bell MB memorial patch,SEA,Home white
6/14/21,ARI,Road gray,SFG,Home cream
6/14/21,MIA,Road gray,STL,Home white Bob Gibson 45 memorial patch
6/14/21,PIT,Road gray,WSN,Home white red hat
6/15/21,BOS,Road navy,ATL,Home white 150th season patch
6/15/21,TBR,Road gray,CHW,Home black
6/15/21,BAL,Road gray,CLE,Home red
6/15/21,SDP,Road sand,COL,Home white 2021 All Star Game patch
6/15/21,TEX,Road royal,HOU,Home white
6/15/21,DET,Road gray,KCR,Home white
6/15/21,PHI,Road gray Dick Allen 15 memorial patch,LAD,Home white Tommy Lasorda TOMMY 2 memorial patch Don Sutton SUTTON 20 memorial patch
6/15/21,CIN,Road gray Joe Morgan 8 memorial patch,MIL,Home cream Hank Aaron 44 memorial patch
6/15/21,CHC,Road royal,NYM,Home white Tom Seaver 41 memorial patch
6/15/21,LAA,Road red,OAK,Home kelly green
6/15/21,MIN,Road navy Mike Bell MB memorial patch,SEA,Home white
6/15/21,ARI,Road gray,SFG,Home cream
6/15/21,MIA,Road gray,STL,Home white Bob Gibson 45 memorial patch
6/15/21,NYY,Road gray Whitey Ford 16 memorial patch,TOR,Home white
6/15/21,PIT,Road gray,WSN,Home white red hat
6/16/21,BOS,Road navy,ATL,Home white 150th season patch
6/16/21,TBR,Road gray,CHW,Home black
6/16/21,BAL,Road gray,CLE,Home white
6/16/21,SDP,Road sand,COL,Home white 2021 All Star Game patch
6/16/21,TEX,Road royal,HOU,Home white
6/16/21,DET,Road gray,KCR,Home powder
6/16/21,PHI,Road red Dick Allen 15 memorial patch,LAD,Home white Tommy Lasorda TOMMY 2 memorial patch Don Sutton SUTTON 20 memorial patch
6/16/21,CIN,Road red Joe Morgan 8 memorial patch,MIL,Home cream Hank Aaron 44 memorial patch
6/16/21,CHC,Road gray,NYM,Home white Tom Seaver 41 memorial patch
6/16/21,LAA,Road gray,OAK,Home kelly green
6/16/21,MIN,Road navy Mike Bell MB memorial patch,SEA,Home white
6/16/21,ARI,Road red snake hat,SFG,Home cream
6/16/21,MIA,Road gray,STL,Home white Bob Gibson 45 memorial patch
6/16/21,NYY,Road gray Whitey Ford 16 memorial patch,TOR,Home royal
6/16/21,PIT,Road black,WSN,Home white red hat
6/17/21,STL,Road gray Bob Gibson 45 memorial patch,ATL,Home white 150th season patch
6/17/21,BAL,Road gray,CLE,Home red
6/17/21,MIL,Road gray Hank Aaron 44 memorial patch,COL,Home black 2021 All Star Game patch
6/17/21,CHW,Road gray,HOU,Home white
6/17/21,DET,Road gray,LAA,Home white
6/17/21,CHC,Road royal,NYM,Home white Tom Seaver 41 memorial patch
6/17/21,CIN,Road red Joe Morgan 8 memorial patch,SDP,Home white
6/17/21,TBR,Road navy,SEA,Home white
6/17/21,ARI,Road gray,SFG,Home cream
6/17/21,NYY,Road gray Whitey Ford 16 memorial patch,TOR,Home powder
6/18/21,LAD,Road gray Dodgers Tommy Lasorda TOMMY 2 memorial patch Don Sutton SUTTON 20 memorial patch,ARI,City Connect
6/18/21,STL,Road gray Bob Gibson 45 memorial patch,ATL,Home red 150th season patch
6/18/21,TOR,Road royal,BAL,Home black
6/18/21,MIA,Road black,CHC,City Connect
6/18/21,MIL,Road navy Hank Aaron 44 memorial patch,COL,Home white 2021 All Star Game patch
6/18/21,CHW,Road gray,HOU,Home orange
6/18/21,BOS,Road gray,KCR,Home white gold trim
6/18/21,DET,Road gray,LAA,Home white
6/18/21,OAK,Road kelly green,NYY,Home white Whitey Ford 16 memorial patch
6/18/21,CLE,Road gray,PIT,Home white
6/18/21,CIN,Road gray Joe Morgan 8 memorial patch,SDP,Home white
6/18/21,TBR,Road navy,SEA,Home teal
6/18/21,PHI,Road gray Dick Allen 15 memorial patch,SFG,Home orange
6/18/21,MIN,Road navy Mike Bell MB memorial patch,TEX,Home red
6/18/21,NYM,Road gray Tom Seaver 41 memorial patch,WSN,Home navy
6/19/21,LAD,Road gray Dodgers Tommy Lasorda TOMMY 2 memorial patch Don Sutton SUTTON 20 memorial patch,ARI,Home black
6/19/21,STL,Postponed - 6/20/21,ATL,Postponed - 6/20/21
6/19/21,TOR,Road powder,BAL,Home black
6/19/21,MIA,Road black,CHC,Home white
6/19/21,MIL,Road gray Hank Aaron 44 memorial patch,COL,Home purple 2021 All Star Game patch
6/19/21,CHW,Road gray,HOU,Home navy orange brim hat
6/19/21,BOS,Road navy,KCR,Home powder
6/19/21,DET,Road gray,LAA,Home white
6/19/21,OAK,Road kelly green,NYY,Home white Whitey Ford 16 memorial patch
6/19/21,CLE,Road gray,PIT,Home white
6/19/21,CIN,Road gray Joe Morgan 8 memorial patch,SDP,Home white
6/19/21,TBR,Road navy,SEA,Home Negro League
6/19/21,PHI,Road gray Dick Allen 15 memorial patch,SFG,Home Negro League
6/19/21,MIN,Road navy Mike Bell MB memorial patch,TEX,Home white blue hat
6/19/21,NYM,Road gray Tom Seaver 41 memorial patch,WSN,Home white Curly W
6/19/21,NYM,Road royal Tom Seaver 41 memorial patch,WSN,Home red
6/20/21,LAD,Road gray Dodgers Father’s Day hat and patch Tommy Lasorda TOMMY 2 memorial patch Don Sutton SUTTON 20 memorial patch,ARI,Home white teal accents
6/20/21,STL,Road powder Bob Gibson 45 memorial patch,ATL,Home cream
6/20/21,STL,Road gray Father’s Day hat and patch Bob Gibson 45 memorial patch,ATL,Home white 150th season patch Father’s Day hat and patch
6/20/21,TOR,Road royal,BAL,Home white Father’s Day hat and patch
6/20/21,MIA,Road gray Father’s Day hat and patch,CHC,Home white Father’s Day hat and patch
6/20/21,MIL,Road gray Father’s Day hat and patch Hank Aaron 44 memorial patch,COL,Home white 2021 All Star Game patch Father’s Day hat and patch
6/20/21,CHW,Road black Father’s Day hat and patch,HOU,Home white Father’s Day hat and patch
6/20/21,BOS,Road navy Father’s Day hat and patch,KCR,Home powder Father’s Day hat and patch
6/20/21,DET,Road gray Father’s Day hat and patch,LAA,Home white Father’s Day hat and patch
6/20/21,OAK,Road gray Father’s Day hat and patch,NYY,Home white Father’s Day hat and patch Whitey Ford 16 memorial patch
6/20/21,CLE,Road navy Father’s Day hat and patch,PIT,Home white Father’s Day hat and patch
6/20/21,CIN,Road red Joe Morgan 8 memorial patch Father’s Day hat and patch,SDP,Home camo green Father’s Day hat and patch
6/20/21,TBR,Road gray Father’s Day hat and patch,SEA,Home white Father’s Day hat and patch
6/20/21,PHI,Road red Father’s Day hat and patch Dick Allen 15 memorial patch,SFG,Home cream Father’s Day hat and patch
6/20/21,MIN,Road navy Father’s Day hat and patch Mike Bell MB memorial patch,TEX,Home powder
6/20/21,NYM,Road royal Father’s Day hat and patch Tom Seaver 41 memorial patch,WSN,Home white Curly W Father’s Day hat and patch
6/21/21,MIL,Road gray Hank Aaron 44 memorial patch,ARI,Home white sand accents
6/21/21,HOU,Road gray,BAL,Home white
6/21/21,CLE,Road gray,CHC,Home white
6/21/21,CIN,Road red Joe Morgan 8 memorial patch,MIN,Home white Mike Bell MB memorial patch
6/21/21,ATL,Road navy 150th season patch,NYM,Home white Tom Seaver 41 memorial patch
6/21/21,ATL,Road gray 150th season patch,NYM,Home white Tom Seaver 41 memorial patch
6/21/21,LAD,Road gray Dodgers Tommy Lasorda TOMMY 2 memorial patch Don Sutton SUTTON 20 memorial patch,SDP,Home white
6/21/21,OAK,Road kelly green,TEX,Home white red hat
6/22/21,MIL,Road navy Hank Aaron 44 memorial patch,ARI,Home white teal accents
6/22/21,HOU,Road gray,BAL,Home white
6/22/21,CLE,Road navy,CHC,Home white
6/22/21,STL,Road gray Bob Gibson 45 memorial patch,DET,Home white
6/22/21,SFG,Road gray,LAA,Home white
6/22/21,TOR,Road royal,MIA,Home white
6/22/21,CIN,Road red Joe Morgan 8 memorial patch,MIN,Home navy Mike Bell MB memorial patch
6/22/21,ATL,Road gray 150th season patch,NYM,Home white Tom Seaver 41 memorial patch
6/22/21,KCR,Road gray,NYY,Home white Whitey Ford 16 memorial patch
6/22/21,WSN,Road navy,PHI,Home white Dick Allen 15 memorial patch
6/22/21,CHW,Road black,PIT,Home white
6/22/21,LAD,Road gray Dodgers Tommy Lasorda TOMMY 2 memorial patch Don Sutton SUTTON 20 memorial patch,SDP,Home white
6/22/21,COL,Road black 2021 All Star Game patch,SEA,Home white
6/22/21,BOS,Road gray,TBR,Home navy
6/22/21,OAK,Road green,TEX,Home white red hat
6/23/21,MIL,Road navy Hank Aaron 44 memorial patch,ARI,Home red snake hat
6/23/21,HOU,Road gray,BAL,Home white
6/23/21,STL,Road gray Bob Gibson 45 memorial patch,DET,Home white
6/23/21,SFG,Road gray,LAA,Home white
6/23/21,TOR,Road royal,MIA,Home white
6/23/21,ATL,Road navy 150th season patch,NYM,Home white Tom Seaver 41 memorial patch
6/23/21,KCR,Road gray,NYY,Home white Whitey Ford 16 memorial patch
6/23/21,WSN,Road gray,PHI,Home cream Dick Allen 15 memorial patch
6/23/21,CHW,Road gray,PIT,Home white Military Appreciation
6/23/21,LAD,Road gray Dodgers Tommy Lasorda TOMMY 2 memorial patch Don Sutton SUTTON 20 memorial patch,SDP,Home white
6/23/21,COL,Road purple 2021 All Star Game patch,SEA,Home white
6/23/21,BOS,Road navy,TBR,Home powder
6/23/21,OAK,Road green,TEX,Home white blue hat
6/24/21,ATL,Road navy 150th season patch,CIN,Home white Joe Morgan 8 memorial patch
6/24/21,HOU,Road gray,DET,Home white
6/24/21,CHC,Road royal,LAD,Home white Tommy Lasorda TOMMY 2 memorial patch Don Sutton SUTTON 20 memorial patch
6/24/21,WSN,Road gray,MIA,Home white
6/24/21,CLE,Road navy,MIN,Home white Mike Bell MB memorial patch
6/24/21,KCR,Road royal,NYY,Home white Whitey Ford 16 memorial patch
6/24/21,PIT,Road gray,STL,Home white Bob Gibson 45 memorial patch
6/24/21,BOS,Road navy,TBR,Home powder
6/24/21,OAK,Road gray,TEX,Home white blue hat
6/24/21,BAL,Road gray,TOR,Home white
6/25/21,NYY,Road gray Whitey Ford 16 memorial patch,BOS,Home red
6/25/21,SEA,Road gray,CHW,City Connect
6/25/21,ATL,Road gray 150th season patch,CIN,Home white Joe Morgan 8 memorial patch
6/25/21,HOU,Postponed - 6/26/21,DET,Postponed - 6/26/21
6/25/21,CHC,Road royal,LAD,Home white Tommy Lasorda TOMMY 2 memorial patch Don Sutton SUTTON 20 memorial patch
6/25/21,WSN,Road gray,MIA,Home black
6/25/21,COL,Road gray 2021 All Star Game patch,MIL,Home white Hank Aaron 44 memorial patch
6/25/21,CLE,Road navy,MIN,Home white Mike Bell MB memorial patch
6/25/21,PHI,Road gray Dick Allen 15 memorial patch,NYM,Home white Tom Seaver 41 memorial patch
6/25/21,PHI,Road red Dick Allen 15 memorial patch,NYM,Home white Tom Seaver 41 memorial patch
6/25/21,ARI,Road gray,SDP,Home white
6/25/21,OAK,Road gray,SFG,Home orange
6/25/21,PIT,Road gray,STL,Home white Bob Gibson 45 memorial patch
6/25/21,LAA,Road gray,TBR,Home powder
6/25/21,KCR,Road gray,TEX,Home red
6/25/21,BAL,Road black,TOR,Home royal
6/26/21,NYY,Road gray Whitey Ford 16 memorial patch,BOS,Home red
6/26/21,SEA,Road gray,CHW,Home black
6/26/21,ATL,Road gray 150th season patch,CIN,Home red Joe Morgan 8 memorial patch
6/26/21,HOU,Road gray,DET,Home white
6/26/21,HOU,Road orange,DET,Home white
6/26/21,CHC,Road royal,LAD,Home white Tommy Lasorda TOMMY 2 memorial patch Don Sutton SUTTON 20 memorial patch
6/26/21,WSN,Road gray,MIA,City Connect
6/26/21,COL,Road gray 2021 All Star Game patch,MIL,Home white Hank Aaron 44 memorial patch
6/26/21,CLE,Postponed - 9/14/21,MIN,Postponed - 9/14/21
6/26/21,PHI,Road gray Dick Allen 15 memorial patch,NYM,Home white Tom Seaver 41 memorial patch
6/26/21,ARI,Road gray,SDP,Home white
6/26/21,OAK,Road gray,SFG,Home black
6/26/21,PIT,Road gray,STL,Home cream Bob Gibson 45 memorial patch
6/26/21,LAA,Road gray,TBR,Home throwback
6/26/21,KCR,Road royal,TEX,Home white red hat
6/26/21,BAL,Road black,TOR,Home royal
6/27/21,NYY,Road gray Whitey Ford 16 memorial patch,BOS,Home white
6/27/21,SEA,Road navy,CHW,Home throwback
6/27/21,ATL,Road gray 150th season patch,CIN,Home red Joe Morgan 8 memorial patch
6/27/21,HOU,Road orange,DET,Home white
6/27/21,CHC,Road gray,LAD,Home white Tommy Lasorda TOMMY 2 memorial patch Don Sutton SUTTON 20 memorial patch
6/27/21,WSN,Road gray,MIA,City Connect
6/27/21,COL,Road purple 2021 All Star Game patch,MIL,Home white Hank Aaron 44 memorial patch
6/27/21,CLE,Road navy,MIN,Home white Mike Bell MB memorial patch
6/27/21,PHI,Road gray Dick Allen 15 memorial patch,NYM,Home white Tom Seaver 41 memorial patch
6/27/21,ARI,Road red snake hat,SDP,Home camo brown
6/27/21,OAK,Road green,SFG,Home cream
6/27/21,PIT,Road gray,STL,Home white Sunday hat Bob Gibson 45 memorial patch
6/27/21,LAA,Road gray,TBR,Home powder throwback hat
6/27/21,KCR,Road gray,TEX,Home powder
6/27/21,BAL,Road gray,TOR,Home royal
6/28/21,KCR,Road gray,BOS,Home red
6/28/21,MIN,Postponed - 7/19/21,CHW,Postponed - 7/19/21
6/28/21,PHI,Road red Dick Allen 15 memorial patch,CIN,Home white Joe Morgan 8 memorial patch
6/28/21,DET,Road gray,CLE,Home red
6/28/21,PIT,Road gray,COL,Home purple 2021 All Star Game patch
6/28/21,BAL,Road gray,HOU,Home white
6/28/21,SFG,Road gray,LAD,Home white Tommy Lasorda TOMMY 2 memorial patch Don Sutton SUTTON 20 memorial patch
6/28/21,CHC,Road royal,MIL,Home cream Hank Aaron 44 memorial patch
6/28/21,LAA,Road gray,NYY,Home white Whitey Ford 16 memorial patch
6/28/21,ARI,Road gray,STL,Home white Bob Gibson 45 memorial patch
6/28/21,NYM,Road gray Tom Seaver 41 memorial patch,WSN,Home white red hat
6/29/21,NYM,Road gray Tom Seaver 41 memorial patch,ATL,Home white 150th season patch
6/29/21,KCR,Road gray,BOS,Home white
6/29/21,MIN,Road gray Mike Bell MB memorial patch,CHW,Home black
6/29/21,SDP,Road brown,CIN,Home white Joe Morgan 8 memorial patch
6/29/21,DET,Postponed - 6/30/21,CLE,Postponed - 6/30/21
6/29/21,PIT,Road gray,COL,Home purple 2021 All Star Game patch
6/29/21,BAL,Road gray,HOU,Home white
6/29/21,SFG,Road gray,LAD,Home white Tommy Lasorda TOMMY 2 memorial patch Don Sutton SUTTON 20 memorial patch
6/29/21,CHC,Road royal,MIL,Home cream Hank Aaron 44 memorial patch
6/29/21,LAA,Road gray,NYY,Home white Whitey Ford 16 memorial patch
6/29/21,TEX,Road gray,OAK,Home white
6/29/21,MIA,Road gray,PHI,Home white Dick Allen 15 memorial patch
6/29/21,ARI,Road gray,STL,Home white Bob Gibson 45 memorial patch
6/29/21,SEA,Road gray,TOR,Home royal
6/29/21,TBR,Road navy,WSN,Home white red hat
6/30/21,NYM,Road gray Tom Seaver 41 memorial patch,ATL,Home white 150th season patch
6/30/21,KCR,Road gray,BOS,Home red
6/30/21,MIN,Road gray Mike Bell MB memorial patch,CHW,Home white
6/30/21,SDP,Road sand,CIN,Home white Joe Morgan 8 memorial patch
6/30/21,DET,Road gray,CLE,Home red
6/30/21,DET,Road gray,CLE,Home white
6/30/21,PIT,Road gray,COL,Home purple 2021 All Star Game patch
6/30/21,BAL,Road gray,HOU,Home white
6/30/21,CHC,Road royal,MIL,Home cream Hank Aaron 44 memorial patch
6/30/21,LAA,Road gray,NYY,Home white Whitey Ford 16 memorial patch
6/30/21,TEX,Road gray,OAK,Home green
6/30/21,MIA,Road gray,PHI,Home white Dick Allen 15 memorial patch
6/30/21,ARI,Road red snake hat,STL,Home white Bob Gibson 45 memorial patch
6/30/21,SEA,Road gray,TOR,Home royal
6/30/21,TBR,Road navy,WSN,Home white red hat
7/1/21,SFG,Road gray,ARI,Home white sand accents
7/1/21,NYM,Road gray Tom Seaver 41 memorial patch,ATL,Home white 150th season patch
7/1/21,KCR,Road royal,BOS,Home red
7/1/21,MIN,Road gray Mike Bell MB memorial patch,CHW,Home black
7/1/21,SDP,Road brown,CIN,Home white Joe Morgan 8 memorial patch
7/1/21,HOU,Road gray,CLE,Home red
7/1/21,STL,Road gray Bob Gibson 45 memorial patch,COL,Home white 2021 All Star Game patch
7/1/21,LAA,Postponed - 8/16/21,NYY,Postponed - 8/16/21
7/1/21,TEX,Road gray,OAK,Home green
7/1/21,MIA,Postponed - 7/16/21,PHI,Postponed - 7/16/21
7/1/21,MIL,Road gray Hank Aaron 44 memorial patch,PIT,Home white
7/1/21,SEA,Road navy,TOR,Home Canada Day
7/1/21,LAD,Road gray Dodgers Tommy Lasorda TOMMY 2 memorial patch Don Sutton SUTTON 20 memorial patch,WSN,Home white red hat
7/2/21,SFG,Road gray 4th of July hat,ARI,Home red 4th of July hat
7/2/21,MIA,Road black 4th of July hat,ATL,Home white 150th season patch 4th of July hat
7/2/21,CHC,Road royal 4th of July hat,CIN,Home white 4th of July hat Joe Morgan 8 memorial patch
7/2/21,HOU,Road gray 4th of July hat,CLE,Home white 4th of July hat
7/2/21,STL,Road gray 4th of July hat Bob Gibson 45 memorial patch,COL,Home white 2021 All Star Game patch 4th of July hat
7/2/21,CHW,Road black 4th of July hat,DET,Home white 4th of July hat
7/2/21,MIN,Road navy 4th of July hat Mike Bell MB memorial patch,KCR,Home white gold trim 4th of July hat
7/2/21,BAL,Road black 4th of July hat,LAA,Home white 4th of July hat
7/2/21,NYM,Postponed - 7/4/21,NYY,Postponed - 7/4/21
7/2/21,BOS,Road navy 4th of July hat,OAK,Home white 4th of July hat
7/2/21,SDP,Road sand 4th of July hat,PHI,Home white 4th of July hat Dick Allen 15 memorial patch
7/2/21,MIL,Road gray 4th of July hat Hank Aaron 44 memorial patch,PIT,Home white 4th of July hat
7/2/21,TEX,Road gray 4th of July hat,SEA,Home teal 4th of July hat
7/2/21,TBR,Road gray 4th of July hat,TOR,Home royal 4th of July hat
7/2/21,LAD,Road gray Dodgers 4th of July hat Tommy Lasorda TOMMY 2 memorial patch Don Sutton SUTTON 20 memorial patch,WSN,Home navy 4th of July hat
7/3/21,SFG,Road gray 4th of July hat,ARI,Home red 4th of July hat
7/3/21,MIA,Road black 4th of July hat,ATL,Home white 150th season patch 4th of July hat
7/3/21,CHC,Road gray 4th of July hat,CIN,Home red 4th of July hat Joe Morgan 8 memorial patch
7/3/21,HOU,Road gray 4th of July hat,CLE,Home red 4th of July hat
7/3/21,STL,Road powder 4th of July hat Bob Gibson 45 memorial patch,COL,Home purple 2021 All Star Game patch 4th of July hat
7/3/21,CHW,Road black 4th of July hat,DET,Home white 4th of July hat
7/3/21,MIN,Road navy 4th of July hat Mike Bell MB memorial patch,KCR,Home powder 4th of July hat
7/3/21,BAL,Road orange 4th of July hat,LAA,Home white 4th of July hat
7/3/21,NYM,Road royal 4th of July hat Tom Seaver 41 memorial patch,NYY,Home white 4th of July hat Whitey Ford 16 memorial patch
7/3/21,BOS,Road navy 4th of July hat,OAK,Home kelly green 4th of July hat
7/3/21,SDP,Road brown 4th of July hat,PHI,Home cream 4th of July hat Dick Allen 15 memorial patch
7/3/21,MIL,Road gray 4th of July hat Hank Aaron 44 memorial patch,PIT,Home white 4th of July hat
7/3/21,TEX,Road gray 4th of July hat,SEA,Home white 4th of July hat
7/3/21,TBR,Road gray 4th of July hat,TOR,Home royal 4th of July hat
7/3/21,LAD,Road gray Dodgers 4th of July hat Tommy Lasorda TOMMY 2 memorial patch Don Sutton SUTTON 20 memorial patch,WSN,Home white Curly W 4th of July hat
7/4/21,SFG,Road gray 4th of July hat and patch,ARI,Home red 4th of July hat and patch
7/4/21,MIA,Road gray 4th of July hat and patch,ATL,Home white 150th season patch 4th of July hat and patch
7/4/21,CHC,Road royal 4th of July hat and patch,CIN,Home red 4th of July hat and patch Joe Morgan 8 memorial patch
7/4/21,HOU,Road gray 4th of July hat and patch,CLE,Home red 4th of July hat and patch
7/4/21,STL,Road gray 4th of July hat and patch Bob Gibson 45 memorial patch,COL,Home purple 2021 All Star Game patch 4th of July hat and patch
7/4/21,CHW,Road gray 4th of July hat and patch,DET,Home white 4th of July hat and patch
7/4/21,MIN,Road gray 4th of July hat and patch Mike Bell MB memorial patch,KCR,Home powder 4th of July hat and patch
7/4/21,BAL,Road gray 4th of July hat and patch,LAA,Home white 4th of July hat and patch
7/4/21,NYM,Road gray 4th of July hat and patch Tom Seaver 41 memorial patch,NYY,Home white 4th of July hat and patch Whitey Ford 16 memorial patch
7/4/21,NYM,Road royal 4th of July hat and patch Tom Seaver 41 memorial patch,NYY,Home white 4th of July hat and patch Whitey Ford 16 memorial patch
7/4/21,BOS,Road navy 4th of July hat and patch,OAK,Home white 4th of July hat and patch
7/4/21,SDP,Road sand 4th of July hat and patch,PHI,Home cream 4th of July hat and patch Dick Allen 15 memorial patch
7/4/21,MIL,Road gray 4th of July hat and patch Hank Aaron 44 memorial patch,PIT,Home white 4th of July hat and patch
7/4/21,TEX,Road gray 4th of July hat and patch,SEA,Home white 4th of July hat and patch
7/4/21,TBR,Road gray 4th of July hat and patch,TOR,Home royal 4th of July hat and patch
7/4/21,LAD,Road gray Dodgers 4th of July hat and patch Tommy Lasorda TOMMY 2 memorial patch Don Sutton SUTTON 20 memorial patch,WSN,Home white 4th of July hat and patch
7/5/21,PHI,Road gray Dick Allen 15 memorial patch,CHC,Home white
7/5/21,CIN,Road gray Joe Morgan 8 memorial patch,KCR,Home white
7/5/21,BOS,Road navy,LAA,Home white
7/5/21,LAD,Road gray Dodgers Tommy Lasorda TOMMY 2 memorial patch Don Sutton SUTTON 20 memorial patch,MIA,Home white
7/5/21,CHW,Road gray,MIN,Home white Mike Bell MB memorial patch
7/5/21,MIL,Road navy Hank Aaron 44 memorial patch,NYM,Home white Tom Seaver 41 memorial patch
7/5/21,ATL,Road navy 150th season patch,PIT,Home white
7/5/21,WSN,Road navy,SDP,Home white
7/5/21,STL,Road gray Bob Gibson 45 memorial patch,SFG,Home cream
7/5/21,CLE,Road navy,TBR,Home powder
7/5/21,DET,Road gray,TEX,Home white blue hat
7/6/21,COL,Road gray 2021 All Star Game patch,ARI,Home white teal accents
7/6/21,TOR,Road royal,BAL,Home white
7/6/21,PHI,Road gray Dick Allen 15 memorial patch,CHC,Home white
7/6/21,OAK,Road gray,HOU,Home white
7/6/21,CIN,Road gray Joe Morgan 8 memorial patch,KCR,Home white
7/6/21,BOS,Road navy,LAA,Home white
7/6/21,LAD,Road gray Dodgers Tommy Lasorda TOMMY 2 memorial patch Don Sutton SUTTON 20 memorial patch,MIA,Home white
7/6/21,CHW,Road gray,MIN,Home navy Mike Bell MB memorial patch
7/6/21,MIL,Postponed - 7/7/21,NYM,Postponed - 7/7/21
7/6/21,ATL,Road gray 150th season patch,PIT,Home white
7/6/21,WSN,Road navy,SDP,Home white
7/6/21,NYY,Road gray Whitey Ford 16 memorial patch,SEA,Home white
7/6/21,STL,Road gray Bob Gibson 45 memorial patch,SFG,Home cream
7/6/21,CLE,Postponed - 7/7/21,TBR,Postponed - 7/7/21
7/6/21,DET,Road gray,TEX,Home white red hat
7/7/21,COL,Road gray 2021 All Star Game patch,ARI,Home black
7/7/21,TOR,Road powder,BAL,Home white
7/7/21,PHI,Road gray Dick Allen 15 memorial patch,CHC,Home white
7/7/21,OAK,Road gray,HOU,Home white
7/7/21,CIN,Road red Joe Morgan 8 memorial patch,KCR,Home powder
7/7/21,BOS,Road navy,LAA,Home white
7/7/21,LAD,Road gray Dodgers Tommy Lasorda TOMMY 2 memorial patch Don Sutton SUTTON 20 memorial patch,MIA,Home white
7/7/21,CHW,Road black,MIN,Home powder Mike Bell MB memorial patch
7/7/21,MIL,Road navy Hank Aaron 44 memorial patch,NYM,Home white Tom Seaver 41 memorial patch
7/7/21,MIL,Road navy Hank Aaron 44 memorial patch,NYM,Home white Tom Seaver 41 memorial patch
7/7/21,ATL,Road gray 150th season patch,PIT,Home white Military Appreciation
7/7/21,WSN,Road navy,SDP,Home white
7/7/21,NYY,Road gray Whitey Ford 16 memorial patch,SEA,Home white
7/7/21,STL,Road gray Bob Gibson 45 memorial patch,SFG,Home cream
7/7/21,CLE,Road gray,TBR,Home powder
7/7/21,CLE,Road navy,TBR,Home navy
7/7/21,DET,Road gray,TEX,Home white red hat
7/8/21,COL,Road purple 2021 All Star Game patch,ARI,Home white sand accents
7/8/21,TOR,Postponed - 9/11/21,BAL,Postponed - 9/11/21
7/8/21,PHI,Road red Dick Allen 15 memorial patch,CHC,Home white
7/8/21,KCR,Road gray,CLE,Home red
7/8/21,OAK,Road green,HOU,Home white
7/8/21,LAD,Road gray Dodgers Tommy Lasorda TOMMY 2 memorial patch Don Sutton SUTTON 20 memorial patch,MIA,Home white
7/8/21,CIN,Road gray Joe Morgan 8 memorial patch,MIL,Home cream Hank Aaron 44 memorial patch
7/8/21,DET,Road gray,MIN,Home navy Mike Bell MB memorial patch
7/8/21,PIT,Postponed - 7/10/21,NYM,Postponed - 7/10/21
7/8/21,WSN,Road navy,SDP,Home white
7/8/21,NYY,Road gray Whitey Ford 16 memorial patch,SEA,Home white
7/9/21,CHW,Road gray Martyl Reinsdorf MR memorial patch,BAL,Home black
7/9/21,PHI,Road gray Dick Allen 15 memorial patch,BOS,Home red
7/9/21,STL,Road gray Bob Gibson 45 memorial patch,CHC,City Connect
7/9/21,KCR,Road gray,CLE,Home red
7/9/21,NYY,Road gray Whitey Ford 16 memorial patch,HOU,Home orange
7/9/21,ARI,Road gray,LAD,Home white Tommy Lasorda TOMMY 2 memorial patch Don Sutton SUTTON 20 memorial patch
7/9/21,ATL,Road gray 150th season patch,MIA,City Connect
7/9/21,CIN,Road gray Joe Morgan 8 memorial patch,MIL,Home white Hank Aaron 44 memorial patch
7/9/21,DET,Road gray,MIN,Home navy Mike Bell MB memorial patch
7/9/21,PIT,Road black,NYM,Home white Tom Seaver 41 memorial patch
7/9/21,COL,Road black 2021 All Star Game patch,SDP,Home white
7/9/21,LAA,Road gray,SEA,Home teal
7/9/21,WSN,Road navy,SFG,City Connect
7/9/21,TOR,Road royal,TBR,Home powder
7/9/21,OAK,Road green,TEX,Home red
7/10/21,CHW,Road gray Martyl Reinsdorf MR memorial patch,BAL,Home orange
7/10/21,PHI,Road gray Dick Allen 15 memorial patch,BOS,Home red
7/10/21,STL,Road powder Bob Gibson 45 memorial patch,CHC,Home white
7/10/21,KCR,Road gray,CLE,Home red
7/10/21,NYY,Road gray Whitey Ford 16 memorial patch,HOU,Home white
7/10/21,ARI,Road gray,LAD,Home white Tommy Lasorda TOMMY 2 memorial patch Don Sutton SUTTON 20 memorial patch
7/10/21,ATL,Road gray 150th season patch,MIA,City Connect
7/10/21,CIN,Road red Joe Morgan 8 memorial patch,MIL,Home white Hank Aaron 44 memorial patch
7/10/21,DET,Road gray,MIN,Home powder Mike Bell MB memorial patch
7/10/21,PIT,Road gray,NYM,Home white Tom Seaver 41 memorial patch
7/10/21,PIT,Road black,NYM,Home white Tom Seaver 41 memorial patch
7/10/21,COL,Road purple 2021 All Star Game patch,SDP,Home white
7/10/21,LAA,Road red,SEA,Home white
7/10/21,WSN,Road navy,SFG,City Connect
7/10/21,TOR,Road royal,TBR,Home powder
7/10/21,OAK,Road gray,TEX,Home white blue hat
7/11/21,CHW,Road gray Martyl Reinsdorf MR memorial patch,BAL,Home white
7/11/21,PHI,Road gray Dick Allen 15 memorial patch,BOS,Home white
7/11/21,STL,Postponed - 9/24/21,CHC,Postponed - 9/24/21
7/11/21,KCR,Postponed - 9/20/21,CLE,Postponed - 9/20/21
7/11/21,NYY,Road gray Whitey Ford 16 memorial patch,HOU,Home navy orange brim hat
7/11/21,ARI,Road red snake hat,LAD,Home white Tommy Lasorda TOMMY 2 memorial patch Don Sutton SUTTON 20 memorial patch
7/11/21,ATL,Road gray 150th season patch,MIA,Home white
7/11/21,CIN,Road red Joe Morgan 8 memorial patch,MIL,Home white Hank Aaron 44 memorial patch
7/11/21,DET,Road gray,MIN,Home red Mike Bell MB memorial patch
7/11/21,PIT,Road gray,NYM,Home white Tom Seaver 41 memorial patch
7/11/21,COL,Road purple 2021 All Star Game patch,SDP,Home camo green
7/11/21,LAA,Road gray,SEA,Home cream
7/11/21,WSN,Road navy,SFG,City Connect
7/11/21,TOR,Road royal,TBR,Home powder throwback hat
7/11/21,OAK,Road kelly green,TEX,Home powder
7/15/21,BOS,Postponed - 8/17/21,NYY,Postponed - 8/17/21
7/16/21,CHC,Road royal,ARI,City Connect
7/16/21,TBR,Road navy,ATL,Home red 150th season patch
7/16/21,HOU,Road gray,CHW,City Connect Martyl Reinsdorf MR memorial patch
7/16/21,MIL,Road navy Hank Aaron 44 memorial patch,CIN,Home white Joe Morgan 8 memorial patch
7/16/21,LAD,Road gray Dodgers Tommy Lasorda TOMMY 2 memorial patch Don Sutton SUTTON 20 memorial patch,COL,Home white 2021 All Star Game patch
7/16/21,MIN,Postponed - 7/17/21,DET,Postponed - 7/17/21
7/16/21,MIN,Postponed - 8/30/21,DET,Postponed - 8/30/21
7/16/21,BAL,Road black,KCR,Home white gold trim
7/16/21,SEA,Road gray,LAA,Home white
7/16/21,BOS,Road navy,NYY,Home white Whitey Ford 16 memorial patch
7/16/21,CLE,Road gray,OAK,Home white
7/16/21,MIA,Road gray,PHI,Home cream Dick Allen 15 memorial patch
7/16/21,MIA,Road black,PHI,Home cream Dick Allen 15 memorial patch
7/16/21,NYM,Road gray Tom Seaver 41 memorial patch,PIT,Home white
7/16/21,SFG,Road gray,STL,Home white Bob Gibson 45 memorial patch
7/16/21,TEX,Road gray,TOR,Home royal
7/16/21,SDP,Road brown,WSN,Home navy
7/17/21,CHC,Road gray,ARI,Home black
7/17/21,TBR,Road navy,ATL,Home white 150th season patch
7/17/21,HOU,Road gray,CHW,Home black Martyl Reinsdorf MR memorial patch
7/17/21,MIL,Road navy Hank Aaron 44 memorial patch,CIN,Home white Joe Morgan 8 memorial patch
7/17/21,LAD,Road gray Dodgers Tommy Lasorda TOMMY 2 memorial patch Don Sutton SUTTON 20 memorial patch,COL,Home purple 2021 All Star Game patch
7/17/21,MIN,Road navy Mike Bell MB memorial patch,DET,Home white
7/17/21,MIN,Road gray Mike Bell MB memorial patch,DET,Home white
7/17/21,BAL,Road orange,KCR,Home white
7/17/21,SEA,Road navy,LAA,Home white
7/17/21,BOS,Road navy,NYY,Home white Whitey Ford 16 memorial patch
7/17/21,CLE,Road gray,OAK,Home white
7/17/21,MIA,Road black,PHI,Home white Dick Allen 15 memorial patch
7/17/21,NYM,Road gray Tom Seaver 41 memorial patch,PIT,Home white 1971 World Series 50th anniversary patch
7/17/21,SFG,Road gray,STL,Home cream Bob Gibson 45 memorial patch
7/17/21,TEX,Postponed - 7/18/21,TOR,Postponed - 7/18/21
7/17/21,SDP,Road brown,WSN,Home red
7/18/21,CHC,Road royal,ARI,Home red snake hat
7/18/21,TBR,Road gray,ATL,Home cream
7/18/21,HOU,Road orange,CHW,Home throwback Martyl Reinsdorf MR memorial patch
7/18/21,MIL,Road navy Hank Aaron 44 memorial patch,CIN,Home red Joe Morgan 8 memorial patch
7/18/21,LAD,Road gray Dodgers Tommy Lasorda TOMMY 2 memorial patch Don Sutton SUTTON 20 memorial patch,COL,Home white 2021 All Star Game patch
7/18/21,MIN,Road navy Mike Bell MB memorial patch,DET,Home white
7/18/21,BAL,Road gray,KCR,Home powder
7/18/21,SEA,Road navy,LAA,Home white
7/18/21,BOS,Road navy,NYY,Home white Whitey Ford 16 memorial patch
7/18/21,CLE,Road navy,OAK,Home kelly green
7/18/21,MIA,Road gray,PHI,Home cream Dick Allen 15 memorial patch
7/18/21,NYM,Road royal Tom Seaver 41 memorial patch,PIT,Home white
7/18/21,SFG,Road gray,STL,Home white Sunday hat Bob Gibson 45 memorial patch
7/18/21,TEX,Road royal,TOR,Home white
7/18/21,TEX,Road gray,TOR,Home powder
7/18/21,SDP,Road brown,WSN,Home white red hat
7/19/21,PIT,Road gray,ARI,Home white sand accents
7/19/21,SDP,Postponed - 7/21/21,ATL,Postponed - 7/21/21
7/19/21,MIN,Road gray Mike Bell MB memorial patch,CHW,Home black Martyl Reinsdorf MR memorial patch
7/19/21,MIN,Road navy Mike Bell MB memorial patch,CHW,Home white Martyl Reinsdorf MR memorial patch
7/19/21,NYM,Road royal Tom Seaver 41 memorial patch,CIN,Home white Joe Morgan 8 memorial patch
7/19/21,TEX,Road royal,DET,Home white
7/19/21,CLE,Road navy,HOU,Home white
7/19/21,SFG,Road gray,LAD,Home white Tommy Lasorda TOMMY 2 memorial patch Don Sutton SUTTON 20 memorial patch
7/19/21,LAA,Road gray,OAK,Home green
7/19/21,CHC,Road royal,STL,Home white Bob Gibson 45 memorial patch
7/19/21,BAL,Road gray,TBR,Home powder
7/19/21,BOS,Road gray,TOR,Home royal
7/19/21,MIA,Road gray,WSN,Home white red hat
7/20/21,PIT,Road gray,ARI,Home white teal accents
7/20/21,SDP,Road sand,ATL,Home white 150th season patch
7/20/21,MIN,Road gray Mike Bell MB memorial patch,CHW,Home black Martyl Reinsdorf MR memorial patch
7/20/21,NYM,Road royal Tom Seaver 41 memorial patch,CIN,Home white Joe Morgan 8 memorial patch
7/20/21,SEA,Road gray,COL,Home purple 2021 All Star Game patch
7/20/21,TEX,Road gray,DET,Home white
7/20/21,CLE,Road navy,HOU,Home white
7/20/21,SFG,Road gray,LAD,Home white Tommy Lasorda TOMMY 2 memorial patch Don Sutton SUTTON 20 memorial patch
7/20/21,KCR,Road royal,MIL,Home cream Hank Aaron 44 memorial patch
7/20/21,PHI,Road gray Dick Allen 15 memorial patch,NYY,Home white Whitey Ford 16 memorial patch
7/20/21,LAA,Road red,OAK,Home white
7/20/21,CHC,Road gray,STL,Home white Bob Gibson 45 memorial patch
7/20/21,BAL,Road gray,TBR,Home navy
7/20/21,BOS,Postponed - 8/7/21,TOR,Postponed - 8/7/21
7/20/21,MIA,Road gray,WSN,Home white red hat
7/21/21,PIT,Road gray,ARI,Home red snake hat
7/21/21,SDP,Road sand,ATL,Home cream
7/21/21,SDP,Road brown,ATL,Home white 150th season patch
7/21/21,MIN,Road gray Mike Bell MB memorial patch,CHW,Home black Martyl Reinsdorf MR memorial patch
7/21/21,NYM,Road gray Tom Seaver 41 memorial patch,CIN,Home red Joe Morgan 8 memorial patch
7/21/21,SEA,Road gray,COL,Home white 2021 All Star Game patch
7/21/21,TEX,Road royal,DET,Home white
7/21/21,CLE,Road gray,HOU,Home white
7/21/21,SFG,Road gray,LAD,Home white Tommy Lasorda TOMMY 2 memorial patch Don Sutton SUTTON 20 memorial patch
7/21/21,KCR,Road royal,MIL,Home cream Hank Aaron 44 memorial patch
7/21/21,PHI,Road red Dick Allen 15 memorial patch,NYY,Home white Whitey Ford 16 memorial patch
7/21/21,CHC,Road royal,STL,Home white Bob Gibson 45 memorial patch
7/21/21,BAL,Road gray,TBR,Home navy
7/21/21,BOS,Road gray,TOR,Home royal
7/21/21,MIA,Road gray,WSN,Home white red hat
7/22/21,NYY,Road gray Whitey Ford 16 memorial patch,BOS,Home white
7/22/21,TBR,Road navy,CLE,Home red
7/22/21,TEX,Road gray,DET,Home white
7/22/21,SFG,Road gray,LAD,Home white Tommy Lasorda TOMMY 2 memorial patch Don Sutton SUTTON 20 memorial patch
7/22/21,SDP,Road brown,MIA,Home white
7/22/21,LAA,Road red,MIN,Home white Mike Bell MB memorial patch
7/22/21,ATL,Road gray 150th season patch,PHI,Home throwback Dick Allen 15 memorial patch
7/22/21,OAK,Road gray,SEA,Home white
7/22/21,CHC,Road gray,STL,Home white Bob Gibson 45 memorial patch
7/23/21,WSN,Road red,BAL,Home black
7/23/21,NYY,Road gray Whitey Ford 16 memorial patch,BOS,Home red
7/23/21,ARI,Road gray,CHC,City Connect
7/23/21,STL,Road gray blue hat Bob Gibson 45 memorial patch,CIN,Home white Joe Morgan 8 memorial patch
7/23/21,TBR,Road navy,CLE,Home red
7/23/21,TEX,Road royal,HOU,Home orange
7/23/21,DET,Road gray,KCR,Home white gold trim
7/23/21,COL,Road purple 2021 All Star Game patch,LAD,Home white Tommy Lasorda TOMMY 2 memorial patch Don Sutton SUTTON 20 memorial patch
7/23/21,SDP,Road sand,MIA,Home black
7/23/21,CHW,Road black Martyl Reinsdorf MR memorial patch,MIL,Home white Hank Aaron 44 memorial patch
7/23/21,LAA,Road red,MIN,Home white Mike Bell MB memorial patch
7/23/21,TOR,Road gray,NYM,Home white Tom Seaver 41 memorial patch
7/23/21,ATL,Road navy 150th season patch,PHI,Home white Dick Allen 15 memorial patch
7/23/21,OAK,Road gray,SEA,Home teal
7/23/21,PIT,Road gray,SFG,Home orange
7/24/21,WSN,Road gray,BAL,Home black
7/24/21,NYY,Road gray Whitey Ford 16 memorial patch,BOS,Home red
7/24/21,ARI,Road gray,CHC,Home white
7/24/21,STL,Road powder Bob Gibson 45 memorial patch,CIN,Home white Joe Morgan 8 memorial patch
7/24/21,TBR,Road navy,CLE,Home red
7/24/21,TEX,Road royal,HOU,Home white
7/24/21,DET,Road gray,KCR,Home white
7/24/21,COL,Road black 2021 All Star Game patch,LAD,Home white Tommy Lasorda TOMMY 2 memorial patch Don Sutton SUTTON 20 memorial patch
7/24/21,SDP,Road sand,MIA,Home black
7/24/21,CHW,Road gray Martyl Reinsdorf MR memorial patch,MIL,Home white Hank Aaron 44 memorial patch
7/24/21,LAA,Road gray,MIN,Home powder Mike Bell MB memorial patch
7/24/21,TOR,Road powder,NYM,Home white Tom Seaver 41 memorial patch
7/24/21,ATL,Road gray 150th season patch,PHI,Home white Dick Allen 15 memorial patch
7/24/21,OAK,Road gray,SEA,Home white
7/24/21,PIT,Road gray,SFG,Home black
7/25/21,WSN,Road gray,BAL,Home black
7/25/21,NYY,Road gray Whitey Ford 16 memorial patch,BOS,Home red
7/25/21,ARI,Road red snake hat,CHC,Home white
7/25/21,STL,Road gray blue hat Bob Gibson 45 memorial patch,CIN,Home white Joe Morgan 8 memorial patch
7/25/21,TBR,Road navy,CLE,Home red
7/25/21,TEX,Road gray,HOU,Home navy
7/25/21,DET,Road gray,KCR,Home powder
7/25/21,COL,Road gray 2021 All Star Game patch,LAD,Home white Tommy Lasorda TOMMY 2 memorial patch Don Sutton SUTTON 20 memorial patch
7/25/21,SDP,Road brown,MIA,Home white
7/25/21,CHW,Road black Martyl Reinsdorf MR memorial patch,MIL,Home white Hank Aaron 44 memorial patch
7/25/21,LAA,Road gray,MIN,Home red Mike Bell MB memorial patch
7/25/21,TOR,Road royal,NYM,Home white Tom Seaver 41 memorial patch
7/25/21,ATL,Road gray 150th season patch,PHI,Home cream Dick Allen 15 memorial patch
7/25/21,OAK,Road green,SEA,Home cream
7/25/21,PIT,Road gray,SFG,Home cream
7/26/21,TOR,Road royal,BOS,Home red
7/26/21,CIN,Road red Joe Morgan 8 memorial patch,CHC,Home white
7/26/21,CHW,Road black Martyl Reinsdorf MR memorial patch,KCR,Home white
7/26/21,COL,Road black 2021 All Star Game patch,LAA,Home white
7/26/21,DET,Road gray,MIN,Home red Mike Bell MB memorial patch
7/26/21,ATL,Road gray 150th season patch,NYM,Home white Tom Seaver 41 memorial patch
7/26/21,ATL,Road navy 150th season patch,NYM,Home white Tom Seaver 41 memorial patch
7/26/21,WSN,Road gray,PHI,Home white Dick Allen 15 memorial patch
7/26/21,HOU,Road gray,SEA,Home white
7/27/21,MIA,Road gray,BAL,Home black
7/27/21,TOR,Postponed - 7/28/21,BOS,Postponed - 7/28/21
7/27/21,CIN,Road gray Joe Morgan 8 memorial patch,CHC,Home white
7/27/21,STL,Road gray Bob Gibson 45 memorial patch,CLE,Home red
7/27/21,CHW,Road gray Martyl Reinsdorf MR memorial patch,KCR,Home white
7/27/21,COL,Road purple 2021 All Star Game patch,LAA,Home red
7/27/21,DET,Road gray,MIN,Home red Mike Bell MB memorial patch
7/27/21,ATL,Road gray 150th season patch,NYM,Home white Tom Seaver 41 memorial patch
7/27/21,WSN,Road gray,PHI,Home white Dick Allen 15 memorial patch
7/27/21,MIL,Road gray Hank Aaron 44 memorial patch,PIT,Home white
7/27/21,OAK,Road kelly green,SDP,Home white
7/27/21,HOU,Road gray,SEA,Home white
7/27/21,LAD,Road gray Dodgers Tommy Lasorda TOMMY 2 memorial patch Don Sutton SUTTON 20 memorial patch,SFG,City Connect
7/27/21,NYY,Road gray Whitey Ford 16 memorial patch,TBR,Home white
7/27/21,ARI,Road gray,TEX,Home white red hat
7/28/21,MIA,Road gray,BAL,Home white
7/28/21,TOR,Road royal,BOS,Home red
7/28/21,TOR,Road gray,BOS,Home white
7/28/21,CIN,Road gray Joe Morgan 8 memorial patch,CHC,Home white
7/28/21,STL,Road gray Bob Gibson 45 memorial patch,CLE,Home red
7/28/21,CHW,Road gray Martyl Reinsdorf MR memorial patch,KCR,Home white
7/28/21,COL,Road purple 2021 All Star Game patch,LAA,Home white
7/28/21,DET,Road gray,MIN,Home navy Mike Bell MB memorial patch
7/28/21,ATL,Road gray 150th season patch,NYM,Home white Tom Seaver 41 memorial patch
7/28/21,WSN,Postponed - 7/29/21,PHI,Postponed - 7/29/21
7/28/21,MIL,Road gray Hank Aaron 44 memorial patch,PIT,Home white Military Appreciation
7/28/21,OAK,Road gray,SDP,Home white
7/28/21,HOU,Road orange,SEA,Home white
7/28/21,LAD,Road gray Dodgers Tommy Lasorda TOMMY 2 memorial patch Don Sutton SUTTON 20 memorial patch,SFG,Home cream
7/28/21,NYY,Road gray Whitey Ford 16 memorial patch,TBR,Home navy
7/28/21,ARI,Road gray,TEX,Home white red hat
7/29/21,TOR,Road powder,BOS,Home red
7/29/21,CIN,Road red Joe Morgan 8 memorial patch,CHC,Home white
7/29/21,BAL,Road gray,DET,Home white
7/29/21,CHW,Road gray Martyl Reinsdorf MR memorial patch,KCR,Home powder
7/29/21,OAK,Road gray,LAA,Home white
7/29/21,ATL,Road gray 150th season patch,NYM,Home white Tom Seaver 41 memorial patch
7/29/21,WSN,Road gray,PHI,Home throwback Dick Allen 15 memorial patch
7/29/21,WSN,Road red,PHI,Home throwback Dick Allen 15 memorial patch
7/29/21,MIL,Road gray Hank Aaron 44 memorial patch,PIT,Home white
7/29/21,COL,Road black 2021 All Star Game patch,SDP,Home white
7/29/21,LAD,Road gray Dodgers Tommy Lasorda TOMMY 2 memorial patch Don Sutton SUTTON 20 memorial patch,SFG,Home cream
7/29/21,NYY,Road gray Whitey Ford 16 memorial patch,TBR,Home powder
7/30/21,LAD,Road gray Dodgers Tommy Lasorda TOMMY 2 memorial patch Don Sutton SUTTON 20 memorial patch,ARI,City Connect
7/30/21,MIL,Road gray Hank Aaron 44 memorial patch,ATL,Home throwback
7/30/21,CLE,Road gray,CHW,Home black Martyl Reinsdorf MR memorial patch
7/30/21,BAL,Road black,DET,Home white
7/30/21,OAK,Road gray,LAA,Home throwback
7/30/21,NYY,Road gray Whitey Ford 16 memorial patch,MIA,Home black
7/30/21,CIN,Road red Joe Morgan 8 memorial patch,NYM,Home black Tom Seaver 41 memorial patch
7/30/21,PHI,Road gray Dick Allen 15 memorial patch,PIT,Home white
7/30/21,COL,Road gray 2021 All Star Game patch,SDP,Home white
7/30/21,HOU,Road gray,SFG,Home orange
7/30/21,MIN,Road navy Mike Bell MB memorial patch,STL,Home white Bob Gibson 45 memorial patch
7/30/21,BOS,Road navy,TBR,Home powder
7/30/21,SEA,Road navy,TEX,Home red
7/30/21,KCR,Road gray,TOR,Home powder
7/30/21,CHC,Road royal,WSN,Home navy
7/31/21,LAD,Road gray Dodgers Tommy Lasorda TOMMY 2 memorial patch Don Sutton SUTTON 20 memorial patch,ARI,Home black
7/31/21,MIL,Road gray Hank Aaron 44 memorial patch,ATL,Home throwback
7/31/21,CLE,Road gray,CHW,Home black Martyl Reinsdorf MR memorial patch
7/31/21,BAL,Road orange,DET,Home white
7/31/21,OAK,Road gray,LAA,Home throwback
7/31/21,NYY,Road gray Whitey Ford 16 memorial patch,MIA,City Connect
7/31/21,CIN,Road gray Joe Morgan 8 memorial patch,NYM,Home white Tom Seaver 41 memorial patch
7/31/21,PHI,Road gray Dick Allen 15 memorial patch,PIT,Home black
7/31/21,COL,Road purple 2021 All Star Game patch,SDP,Home white
7/31/21,HOU,Road orange,SFG,Home cream
7/31/21,MIN,Road gray Mike Bell MB memorial patch,STL,Home cream Bob Gibson 45 memorial patch
7/31/21,BOS,Road navy,TBR,Home throwback
7/31/21,SEA,Road gray,TEX,Home white blue hat
7/31/21,KCR,Road gray,TOR,Home powder
7/31/21,CHC,Road royal,WSN,Home white red hat
8/1/21,LAD,Road gray Dodgers Tommy Lasorda TOMMY 2 memorial patch Don Sutton SUTTON 20 memorial patch,ARI,Home red snake hat
8/1/21,MIL,Road gray Hank Aaron 44 memorial patch,ATL,Home throwback
8/1/21,CLE,Road navy,CHW,Home throwback Martyl Reinsdorf MR memorial patch
8/1/21,BAL,Road gray,DET,Home white
8/1/21,OAK,Road green,LAA,Home white
8/1/21,NYY,Road gray Whitey Ford 16 memorial patch,MIA,City Connect
8/1/21,CIN,Road red Joe Morgan 8 memorial patch,NYM,Home white Tom Seaver 41 memorial patch
8/1/21,PHI,Road red Dick Allen 15 memorial patch,PIT,Home white
8/1/21,COL,Road purple 2021 All Star Game patch,SDP,Home camo green
8/1/21,HOU,Road orange,SFG,Home cream
8/1/21,MIN,Road gray Mike Bell MB memorial patch,STL,Home white Sunday hat Bob Gibson 45 memorial patch
8/1/21,BOS,Road gray,TBR,Home powder throwback hat
8/1/21,SEA,Road navy,TEX,Home powder
8/1/21,KCR,Road royal,TOR,Home white
8/1/21,CHC,Road royal,WSN,Home white red hat
8/2/21,SFG,Road gray,ARI,Home white sand accents
8/2/21,NYM,Road gray Tom Seaver 41 memorial patch,MIA,Home white
8/2/21,PIT,Road black,MIL,Home cream Hank Aaron 44 memorial patch
8/2/21,BAL,Road gray,NYY,Home white Whitey Ford 16 memorial patch
8/2/21,SEA,Road gray,TBR,Home powder
8/2/21,LAA,Road gray,TEX,Home white red hat
8/2/21,CLE,Road navy,TOR,Home royal
8/2/21,PHI,Road gray Dick Allen 15 memorial patch,WSN,Home white red hat
8/3/21,SFG,Road gray,ARI,Home white teal accents
8/3/21,KCR,Road gray,CHW,Home white Martyl Reinsdorf MR memorial patch
8/3/21,MIN,Road navy Mike Bell MB memorial patch,CIN,Home white Joe Morgan 8 memorial patch
8/3/21,CHC,Road royal,COL,Home purple 2021 All Star Game patch
8/3/21,BOS,Road navy,DET,Home white
8/3/21,HOU,Road gray,LAD,Home white Tommy Lasorda TOMMY 2 memorial patch Don Sutton SUTTON 20 memorial patch
8/3/21,NYM,Road royal Tom Seaver 41 memorial patch,MIA,Home white
8/3/21,PIT,Road black,MIL,Home cream Hank Aaron 44 memorial patch
8/3/21,BAL,Road gray,NYY,Home white Whitey Ford 16 memorial patch
8/3/21,SDP,Road sand,OAK,Home kelly green
8/3/21,ATL,Road gray 150th season patch,STL,Home white Bob Gibson 45 memorial patch
8/3/21,SEA,Road navy,TBR,Home white
8/3/21,LAA,Road gray,TEX,Home white blue hat
8/3/21,CLE,Road navy,TOR,Home powder
8/3/21,PHI,Road gray Dick Allen 15 memorial patch,WSN,Home white red hat
8/4/21,SFG,Road gray,ARI,Home red A hat
8/4/21,KCR,Road gray,CHW,Home white Martyl Reinsdorf MR memorial patch
8/4/21,MIN,Road navy Mike Bell MB memorial patch,CIN,Home red Joe Morgan 8 memorial patch
8/4/21,CHC,Road royal,COL,Home white 2021 All Star Game patch
8/4/21,BOS,Road navy,DET,Home white
8/4/21,HOU,Road gray,LAD,Home white Tommy Lasorda TOMMY 2 memorial patch Don Sutton SUTTON 20 memorial patch
8/4/21,NYM,Road gray Tom Seaver 41 memorial patch,MIA,Home white
8/4/21,PIT,Road black,MIL,Home cream Hank Aaron 44 memorial patch
8/4/21,BAL,Road gray,NYY,Home white Whitey Ford 16 memorial patch
8/4/21,SDP,Road sand,OAK,Home white
8/4/21,ATL,Road gray 150th season patch,STL,Home white Bob Gibson 45 memorial patch
8/4/21,SEA,Road gray,TBR,Home navy
8/4/21,LAA,Road gray,TEX,Home white blue hat
8/4/21,CLE,Road navy,TOR,Home white
8/4/21,PHI,Road gray Dick Allen 15 memorial patch,WSN,Home white red hat
8/5/21,SFG,Road gray,ARI,Home white sand accents
8/5/21,KCR,Road gray,CHW,Home black Martyl Reinsdorf MR memorial patch
8/5/21,PIT,Road gray,CIN,Home white Joe Morgan 8 memorial patch
8/5/21,CHC,Road royal,COL,Home white 2021 All Star Game patch
8/5/21,BOS,Road navy,DET,Home white
8/5/21,MIN,Road gray Mike Bell MB memorial patch,HOU,Home white
8/5/21,NYM,Road gray Tom Seaver 41 memorial patch,MIA,Home white
8/5/21,SEA,Road navy,NYY,Home white Whitey Ford 16 memorial patch
8/5/21,ATL,Road gray 150th season patch,STL,Home white Bob Gibson 45 memorial patch
8/5/21,LAA,Road gray,TEX,Home white blue hat
8/5/21,CLE,Road navy,TOR,Home royal
8/5/21,PHI,Road red Dick Allen 15 memorial patch,WSN,Home white red hat
8/6/21,WSN,Road navy,ATL,Home red 150th season patch
8/6/21,TBR,Road gray,BAL,Home black
8/6/21,CHW,Road gray Martyl Reinsdorf MR memorial patch,CHC,City Connect
8/6/21,PIT,Road black,CIN,Home white Military Appreciation
8/6/21,DET,Road gray,CLE,Home red
8/6/21,MIA,Road gray,COL,Home purple 2021 All Star Game patch
8/6/21,MIN,Road gray Mike Bell MB memorial patch,HOU,Home orange
8/6/21,LAA,Road gray,LAD,Home white Tommy Lasorda TOMMY 2 memorial patch Don Sutton SUTTON 20 memorial patch
8/6/21,SFG,Road gray,MIL,Home white Hank Aaron 44 memorial patch
8/6/21,SEA,Road navy,NYY,Home white Whitey Ford 16 memorial patch
8/6/21,TEX,Road gray,OAK,Home kelly green
8/6/21,NYM,Road gray Tom Seaver 41 memorial patch,PHI,Home white Dick Allen 15 memorial patch
8/6/21,ARI,Road gray,SDP,Home white
8/6/21,KCR,Road gray,STL,Home white Bob Gibson 45 memorial patch
8/6/21,BOS,Road navy,TOR,Home powder
8/7/21,WSN,Road navy,ATL,Home white 150th season patch
8/7/21,TBR,Road navy,BAL,Home orange
8/7/21,CHW,Road gray Martyl Reinsdorf MR memorial patch,CHC,Home white
8/7/21,PIT,Road black,CIN,Home white Joe Morgan 8 memorial patch
8/7/21,DET,Road gray,CLE,Home white
8/7/21,MIA,Road gray,COL,Home black 2021 All Star Game patch
8/7/21,MIN,Road gray Mike Bell MB memorial patch,HOU,Home white
8/7/21,LAA,Road gray,LAD,Home white Tommy Lasorda TOMMY 2 memorial patch Don Sutton SUTTON 20 memorial patch
8/7/21,SFG,Road gray,MIL,Home white Hank Aaron 44 memorial patch
8/7/21,SEA,Road navy,NYY,Home white Whitey Ford 16 memorial patch
8/7/21,TEX,Road gray,OAK,Home kelly green
8/7/21,NYM,Road royal Tom Seaver 41 memorial patch,PHI,Home cream Dick Allen 15 memorial patch
8/7/21,ARI,Road gray,SDP,Home white
8/7/21,KCR,Road gray,STL,Home cream Bob Gibson 45 memorial patch
8/7/21,BOS,Road navy,TOR,Home white
8/7/21,BOS,Road gray,TOR,Home royal
8/8/21,WSN,Road gray,ATL,Home cream
8/8/21,TBR,Road navy,BAL,Home white
8/8/21,CHW,Road gray Martyl Reinsdorf MR memorial patch,CHC,Home white
8/8/21,PIT,Road gray,CIN,Home red Joe Morgan 8 memorial patch
8/8/21,DET,Road gray,CLE,Home red
8/8/21,MIA,Road gray,COL,Home purple 2021 All Star Game patch
8/8/21,MIN,Road gray Mike Bell MB memorial patch,HOU,Home navy
8/8/21,LAA,Road red,LAD,Home white Tommy Lasorda TOMMY 2 memorial patch Don Sutton SUTTON 20 memorial patch
8/8/21,SFG,Road gray,MIL,Home white Hank Aaron 44 memorial patch
8/8/21,SEA,Road navy,NYY,Home white Whitey Ford 16 memorial patch
8/8/21,TEX,Road royal,OAK,Home kelly green
8/8/21,NYM,Road royal Tom Seaver 41 memorial patch,PHI,Home cream Roy Halladay number retirement patch Dick Allen 15 memorial patch
8/8/21,ARI,Road red snake hat,SDP,Home camo green
8/8/21,KCR,Road royal,STL,Home white Sunday hat Bob Gibson 45 memorial patch
8/8/21,BOS,Road navy,TOR,Home powder
8/9/21,MIL,Postponed - 8/10/21,CHC,Postponed - 8/10/21
8/9/21,CIN,Road gray Joe Morgan 8 memorial patch,CLE,Home red
8/9/21,NYY,Road gray Whitey Ford 16 memorial patch,KCR,Home white
8/9/21,CHW,Road gray Martyl Reinsdorf MR memorial patch,MIN,Home navy Mike Bell MB memorial patch
8/9/21,MIA,Road gray,SDP,Home white
8/10/21,CIN,Road gray Joe Morgan 8 memorial patch,ATL,Home white 150th season patch
8/10/21,DET,Road gray,BAL,Home white
8/10/21,TBR,Road navy,BOS,Home red
8/10/21,MIL,Road gray Hank Aaron 44 memorial patch,CHC,Home white
8/10/21,MIL,Road gray Hank Aaron 44 memorial patch,CHC,Home white
8/10/21,OAK,Road kelly green,CLE,Home red
8/10/21,COL,Road gray 2021 All Star Game patch,HOU,Home white
8/10/21,NYY,Road gray Whitey Ford 16 memorial patch,KCR,Home white
8/10/21,TOR,Road powder,LAA,Home red
8/10/21,TOR,Road royal,LAA,Home white
8/10/21,CHW,Road gray Martyl Reinsdorf MR memorial patch,MIN,Home navy Mike Bell MB memorial patch
8/10/21,WSN,Road navy,NYM,Home white Tom Seaver 41 memorial patch
8/10/21,LAD,Road gray Dodgers Tommy Lasorda TOMMY 2 memorial patch Don Sutton SUTTON 20 memorial patch,PHI,Home white Dick Allen 15 memorial patch
8/10/21,STL,Road gray Bob Gibson 45 memorial patch,PIT,Home white
8/10/21,MIA,Road gray,SDP,Home white
8/10/21,TEX,Road gray,SEA,Home white
8/10/21,ARI,Road gray,SFG,City Connect
8/11/21,CIN,Road red Joe Morgan 8 memorial patch,ATL,Home white 150th season patch
8/11/21,DET,Road gray,BAL,Home white
8/11/21,TBR,Road navy,BOS,Home white
8/11/21,MIL,Road gray Hank Aaron 44 memorial patch,CHC,Home white
8/11/21,OAK,Road kelly green,CLE,Home red
8/11/21,COL,Road gray 2021 All Star Game patch,HOU,Home white
8/11/21,NYY,Road gray Whitey Ford 16 memorial patch,KCR,Home powder
8/11/21,TOR,Road royal,LAA,Home white
8/11/21,CHW,Road gray Martyl Reinsdorf MR memorial patch,MIN,Home red Mike Bell MB memorial patch
8/11/21,WSN,Postponed - 8/12/21,NYM,Postponed - 8/12/21
8/11/21,LAD,Road gray Dodgers Tommy Lasorda TOMMY 2 memorial patch Don Sutton SUTTON 20 memorial patch,PHI,Home white Dick Allen 15 memorial patch
8/11/21,STL,Road gray Bob Gibson 45 memorial patch,PIT,Home white Military Appreciation
8/11/21,MIA,Road gray,SDP,Home white
8/11/21,TEX,Road royal,SEA,Home white
8/11/21,ARI,Road red snake hat,SFG,Home cream
8/12/21,SDP,Road sand,ARI,Home white sand accents
8/12/21,CIN,Road gray Joe Morgan 8 memorial patch,ATL,Home white 150th season patch
8/12/21,DET,Road gray,BAL,Home white
8/12/21,TBR,Road gray,BOS,Home white
8/12/21,MIL,Road gray Hank Aaron 44 memorial patch,CHC,Home white
8/12/21,NYY,Road Field of Dreams Game,CHW,Home Field of Dreams Game
8/12/21,OAK,Road kelly green,CLE,Home white
8/12/21,TOR,Road royal,LAA,Home white
8/12/21,WSN,Road gray,NYM,Home white Tom Seaver 41 memorial patch
8/12/21,WSN,Road navy,NYM,Home white Tom Seaver 41 memorial patch
8/12/21,LAD,Road gray Dodgers Tommy Lasorda TOMMY 2 memorial patch Don Sutton SUTTON 20 memorial patch,PHI,Home throwback Dick Allen 15 memorial patch
8/12/21,STL,Road gray Bob Gibson 45 memorial patch,PIT,Home white
8/12/21,TEX,Road gray,SEA,Home navy
8/12/21,COL,Road purple 2021 All Star Game patch,SFG,Home cream
8/13/21,SDP,Road sand,ARI,Home white teal accents
8/13/21,BAL,Road black,BOS,Home red
8/13/21,CLE,Road navy,DET,Home white
8/13/21,STL,Road gray Bob Gibson 45 memorial patch,KCR,Home white gold trim
8/13/21,HOU,Road gray,LAA,Home white
8/13/21,CHC,Road gray,MIA,Home black
8/13/21,TBR,Road gray,MIN,Home red Mike Bell MB memorial patch
8/13/21,LAD,Road gray Dodgers Tommy Lasorda TOMMY 2 memorial patch Don Sutton SUTTON 20 memorial patch,NYM,Home black Tom Seaver 41 memorial patch
8/13/21,CIN,Road gray Joe Morgan 8 memorial patch,PHI,Home white Dick Allen 15 memorial patch
8/13/21,MIL,Postponed - 8/14/21,PIT,Postponed - 8/14/21
8/13/21,TOR,Road royal,SEA,Home teal
8/13/21,COL,Road black 2021 All Star Game patch,SFG,Home orange
8/13/21,OAK,Road kelly green,TEX,Home red
8/13/21,ATL,Road gray 150th season patch,WSN,Home navy
8/14/21,SDP,Road sand,ARI,Home black
8/14/21,BAL,Road orange,BOS,Home white
8/14/21,NYY,Road gray Whitey Ford 16 memorial patch,CHW,Home white Martyl Reinsdorf MR memorial patch
8/14/21,CLE,Road navy,DET,Home white
8/14/21,STL,Road powder Bob Gibson 45 memorial patch,KCR,Home white
8/14/21,HOU,Road gray,LAA,Home white
8/14/21,CHC,Road royal,MIA,City Connect
8/14/21,TBR,Road navy,MIN,Home powder Mike Bell MB memorial patch
8/14/21,LAD,Road gray Dodgers Tommy Lasorda TOMMY 2 memorial patch Don Sutton SUTTON 20 memorial patch,NYM,Home white Tom Seaver 41 memorial patch
8/14/21,CIN,Road red Joe Morgan 8 memorial patch,PHI,Home cream Dick Allen 15 memorial patch
8/14/21,MIL,Road gray Hank Aaron 44 memorial patch,PIT,Home white
8/14/21,MIL,Road gray Hank Aaron 44 memorial patch,PIT,Home black
8/14/21,TOR,Road gray,SEA,Home white
8/14/21,COL,Road gray 2021 All Star Game patch,SFG,Home black
8/14/21,OAK,Road gray,TEX,Home white blue hat
8/14/21,ATL,Road gray 150th season patch,WSN,Home red
8/15/21,SDP,Road brown,ARI,Home red snake hat
8/15/21,BAL,Road gray,BOS,Home red
8/15/21,NYY,Road gray Whitey Ford 16 memorial patch,CHW,Home throwback Martyl Reinsdorf MR memorial patch
8/15/21,CLE,Road navy,DET,Home white
8/15/21,STL,Road gray Bob Gibson 45 memorial patch,KCR,Home powder
8/15/21,HOU,Road gray,LAA,Home white
8/15/21,CHC,Road royal,MIA,City Connect
8/15/21,TBR,Road gray,MIN,Home navy Mike Bell MB memorial patch
8/15/21,LAD,Road gray Dodgers Tommy Lasorda TOMMY 2 memorial patch Don Sutton SUTTON 20 memorial patch,NYM,Home royal Tom Seaver 41 memorial patch
8/15/21,CIN,Road red Joe Morgan 8 memorial patch,PHI,Home cream Dick Allen 15 memorial patch
8/15/21,MIL,Road gray Hank Aaron 44 memorial patch,PIT,Home white
8/15/21,TOR,Road royal,SEA,Home cream
8/15/21,COL,Road black 2021 All Star Game patch,SFG,Home cream
8/15/21,OAK,Road gray,TEX,Home powder
8/15/21,ATL,Road gray 150th season patch,WSN,Home white Curly W
8/16/21,OAK,Road green,CHW,Home black Martyl Reinsdorf MR memorial patch
8/16/21,CHC,Road royal,CIN,Home white Joe Morgan 8 memorial patch
8/16/21,SDP,Road brown,COL,Home purple 2021 All Star Game patch
8/16/21,HOU,Road gray,KCR,Home white
8/16/21,PIT,Road gray,LAD,Home white Tommy Lasorda TOMMY 2 memorial patch Don Sutton SUTTON 20 memorial patch
8/16/21,ATL,Road gray 150th season patch,MIA,Home white
8/16/21,CLE,Road navy,MIN,Home white Mike Bell MB memorial patch
8/16/21,LAA,Road gray,NYY,Home white Whitey Ford 16 memorial patch
8/16/21,NYM,Road gray Tom Seaver 41 memorial patch,SFG,Home cream
8/16/21,BAL,Road gray,TBR,Home navy
8/17/21,PHI,Road gray Dick Allen 15 memorial patch,ARI,Home white teal accents
8/17/21,OAK,Road gray,CHW,Home black Martyl Reinsdorf MR memorial patch
8/17/21,CHC,Road royal,CIN,Home white Joe Morgan 8 memorial patch
8/17/21,SDP,Road sand,COL,Home purple 2021 All Star Game patch
8/17/21,LAA,Road gray,DET,Home white
8/17/21,HOU,Road gray orange brim hat,KCR,Home white
8/17/21,PIT,Road black,LAD,Home white Tommy Lasorda TOMMY 2 memorial patch Don Sutton SUTTON 20 memorial patch
8/17/21,ATL,Road gray 150th season patch,MIA,Home white
8/17/21,CLE,Road gray,MIN,Home navy Mike Bell MB memorial patch
8/17/21,BOS,Road gray,NYY,Home white Whitey Ford 16 memorial patch
8/17/21,BOS,Road navy,NYY,Home white Whitey Ford 16 memorial patch
8/17/21,NYM,Road gray Tom Seaver 41 memorial patch,SFG,City Connect
8/17/21,MIL,Road gray Hank Aaron 44 memorial patch,STL,Home white Bob Gibson 45 memorial patch
8/17/21,BAL,Road gray,TBR,Home navy
8/17/21,SEA,Road teal,TEX,Home white blue hat
8/17/21,TOR,Road royal,WSN,Home white red hat
8/18/21,PHI,Road gray Dick Allen 15 memorial patch,ARI,Home red A hat
8/18/21,OAK,Road gray,CHW,Home black Martyl Reinsdorf MR memorial patch
8/18/21,CHC,Road royal,CIN,Home red Joe Morgan 8 memorial patch
8/18/21,SDP,Road sand,COL,Home purple 2021 All Star Game patch
8/18/21,LAA,Road gray,DET,Home white
8/18/21,HOU,Road gray,KCR,Home white
8/18/21,PIT,Road black,LAD,Home white Tommy Lasorda TOMMY 2 memorial patch Don Sutton SUTTON 20 memorial patch
8/18/21,ATL,Road gray 150th season patch,MIA,Home white
8/18/21,CLE,Road gray,MIN,Home navy Mike Bell MB memorial patch
8/18/21,BOS,Road navy,NYY,Home white Whitey Ford 16 memorial patch
8/18/21,NYM,Road royal Tom Seaver 41 memorial patch,SFG,Home cream
8/18/21,MIL,Road gray Hank Aaron 44 memorial patch,STL,Home white Bob Gibson 45 memorial patch
8/18/21,BAL,Road gray,TBR,Home navy
8/18/21,SEA,Road navy,TEX,Home white red hat
8/18/21,TOR,Road royal,WSN,Home white red hat
8/19/21,PHI,Road red Dick Allen 15 memorial patch,ARI,Home white sand accents
8/19/21,OAK,Road kelly green,CHW,Home black Martyl Reinsdorf MR memorial patch
8/19/21,MIA,Road gray,CIN,Home white Joe Morgan 8 memorial patch
8/19/21,LAA,Road gray,DET,Home white
8/19/21,HOU,Road orange,KCR,Home powder
8/19/21,NYM,Road royal Tom Seaver 41 memorial patch,LAD,Home white Tommy Lasorda TOMMY 2 memorial patch Don Sutton SUTTON 20 memorial patch
8/19/21,MIN,Road navy Mike Bell MB memorial patch,NYY,Home white Whitey Ford 16 memorial patch
8/19/21,MIL,Road gray Hank Aaron 44 memorial patch,STL,Home white Bob Gibson 45 memorial patch
8/19/21,BAL,Road gray,TBR,Home navy
8/19/21,SEA,Road navy,TEX,Home white blue hat
8/20/21,ATL,Road gray 150th season patch,BAL,Home black
8/20/21,TEX,Road royal,BOS,Home white
8/20/21,KCR,Road royal,CHC,City Connect
8/20/21,MIA,Road black,CIN,Home white Joe Morgan 8 memorial patch
8/20/21,LAA,Road gray,CLE,Home white
8/20/21,ARI,Road gray,COL,Home white 2021 All Star Game patch
8/20/21,SEA,Road navy,HOU,Home orange
8/20/21,NYM,Road gray Tom Seaver 41 memorial patch,LAD,Home city connect Tommy Lasorda TOMMY 2 memorial patch Don Sutton SUTTON 20 memorial patch
8/20/21,WSN,Road navy,MIL,Home white Hank Aaron 44 memorial patch
8/20/21,MIN,Road navy Mike Bell MB memorial patch,NYY,Home white Whitey Ford 16 memorial patch
8/20/21,SFG,Road gray,OAK,Home kelly green
8/20/21,PHI,Road gray Dick Allen 15 memorial patch,SDP,Home white
8/20/21,PIT,Road black,STL,Home white Bob Gibson 45 memorial patch
8/20/21,CHW,Road gray Martyl Reinsdorf MR memorial patch,TBR,Home navy
8/20/21,DET,Road gray,TOR,Home royal
8/21/21,ATL,Road gray 150th season patch,BAL,Home orange
8/21/21,TEX,Road gray,BOS,Home red
8/21/21,KCR,Road royal,CHC,Home white
8/21/21,MIA,Road black,CIN,Home white Joe Morgan 8 memorial patch
8/21/21,LAA,Road gray,CLE,Home red
8/21/21,ARI,Road gray,COL,Home purple 2021 All Star Game patch
8/21/21,SEA,Road navy,HOU,Home white
8/21/21,NYM,Road gray Tom Seaver 41 memorial patch,LAD,Home city connect Tommy Lasorda TOMMY 2 memorial patch Don Sutton SUTTON 20 memorial patch
8/21/21,WSN,Road navy,MIL,Home white Hank Aaron 44 memorial patch
8/21/21,MIN,Road gray Mike Bell MB memorial patch,NYY,Home white Whitey Ford 16 memorial patch
8/21/21,SFG,Road gray,OAK,Home white
8/21/21,PHI,Road gray Dick Allen 15 memorial patch,SDP,Home white
8/21/21,PIT,Road black,STL,Home cream Bob Gibson 45 memorial patch
8/21/21,CHW,Road gray Martyl Reinsdorf MR memorial patch,TBR,Home throwback
8/21/21,DET,Road gray,TOR,Home powder
8/22/21,ATL,Road gray 150th season patch,BAL,Home white
8/22/21,TEX,Postponed - 8/23/21,BOS,Postponed - 8/23/21
8/22/21,KCR,Road royal,CHC,Home white
8/22/21,MIA,Road gray,CIN,Home red Joe Morgan 8 memorial patch
8/22/21,LAA,Road Little League Classic,CLE,Home Little League Classic
8/22/21,ARI,Road red snake hat,COL,Home purple 2021 All Star Game patch
8/22/21,SEA,Road teal,HOU,Home navy orange brim hat
8/22/21,NYM,Road gray Tom Seaver 41 memorial patch,LAD,Home white Tommy Lasorda TOMMY 2 memorial patch Don Sutton SUTTON 20 memorial patch
8/22/21,WSN,Road navy,MIL,Home white Hank Aaron 44 memorial patch
8/22/21,MIN,Postponed - 9/13/21,NYY,Postponed - 9/13/21
8/22/21,SFG,Road gray,OAK,Home kelly green
8/22/21,PHI,Road red Dick Allen 15 memorial patch,SDP,Home camo brown
8/22/21,PIT,Road gray,STL,Home white Sunday hat Bob Gibson 45 memorial patch
8/22/21,CHW,Road gray Martyl Reinsdorf MR memorial patch,TBR,Home powder throwback hat
8/22/21,DET,Road gray,TOR,Home white
8/23/21,NYY,Road gray Whitey Ford 16 memorial patch,ATL,Home white 150th season patch
8/23/21,TEX,Road royal,BOS,Home red
8/23/21,COL,Road purple 2021 All Star Game patch,CHC,Home white
8/23/21,KCR,Road gray,HOU,Home white
8/23/21,SEA,Road navy,OAK,Home white
8/23/21,ARI,Road gray,PIT,Home white
8/23/21,CHW,Road black Martyl Reinsdorf MR memorial patch,TOR,Home powder
8/24/21,NYY,Road gray Whitey Ford 16 memorial patch,ATL,Home white 150th season patch
8/24/21,LAA,Road gray,BAL,Home white
8/24/21,MIN,Road gray Mike Bell MB memorial patch,BOS,Home white
8/24/21,COL,Postponed - 8/25/21,CHC,Postponed - 8/25/21
8/24/21,TEX,Road gray,CLE,Home red
8/24/21,KCR,Road gray,HOU,Home white
8/24/21,WSN,Road navy,MIA,Home white
8/24/21,CIN,Road gray Joe Morgan 8 memorial patch,MIL,Home cream Hank Aaron 44 memorial patch
8/24/21,SFG,Road gray,NYM,Home white Tom Seaver 41 memorial patch
8/24/21,SEA,Road navy,OAK,Home green
8/24/21,TBR,Road navy,PHI,Home white Dick Allen 15 memorial patch
8/24/21,ARI,Road gray,PIT,Home white
8/24/21,LAD,Road gray Dodgers Tommy Lasorda TOMMY 2 memorial patch Don Sutton SUTTON 20 memorial patch,SDP,Home white
8/24/21,DET,Road gray,STL,Home white Bob Gibson 45 memorial patch
8/24/21,CHW,Road gray Martyl Reinsdorf MR memorial patch,TOR,Home white
8/25/21,LAA,Road gray,BAL,Home white
8/25/21,MIN,Road gray Mike Bell MB memorial patch,BOS,Home white
8/25/21,COL,Road gray 2021 All Star Game patch,CHC,Home white
8/25/21,COL,Road purple 2021 All Star Game patch,CHC,Home white
8/25/21,TEX,Road gray,CLE,Home white
8/25/21,KCR,Road royal,HOU,Home white
8/25/21,WSN,Road navy,MIA,Home white
8/25/21,CIN,Road gray Joe Morgan 8 memorial patch,MIL,Home cream Hank Aaron 44 memorial patch
8/25/21,SFG,Road gray,NYM,Home white Tom Seaver 41 memorial patch
8/25/21,TBR,Road navy,PHI,Home white Dick Allen 15 memorial patch
8/25/21,ARI,Road red snake hat,PIT,Home white Military Appreciation
8/25/21,LAD,Road gray Dodgers Tommy Lasorda TOMMY 2 memorial patch Don Sutton SUTTON 20 memorial patch,SDP,Home white
8/25/21,DET,Road gray,STL,Home white Bob Gibson 45 memorial patch
8/25/21,CHW,Road gray Martyl Reinsdorf MR memorial patch,TOR,Home royal
8/26/21,LAA,Road gray,BAL,Home white
8/26/21,MIN,Road navy Mike Bell MB memorial patch,BOS,Home white
8/26/21,TEX,Road royal,CLE,Home white
8/26/21,WSN,Road navy,MIA,Home white
8/26/21,CIN,Road red Joe Morgan 8 memorial patch,MIL,Home cream Hank Aaron 44 memorial patch
8/26/21,SFG,Road gray,NYM,Home white Tom Seaver 41 memorial patch
8/26/21,NYY,Road gray Whitey Ford 16 memorial patch,OAK,Home kelly green
8/26/21,ARI,Road gray,PHI,Home throwback Dick Allen 15 memorial patch
8/26/21,STL,Road gray Bob Gibson 45 memorial patch,PIT,Home white
8/26/21,LAD,Road gray Dodgers Tommy Lasorda TOMMY 2 memorial patch Don Sutton SUTTON 20 memorial patch,SDP,Home white
8/26/21,KCR,Road gray,SEA,Home white
8/26/21,CHW,Road gray Martyl Reinsdorf MR memorial patch,TOR,Home powder
8/27/21,SFG,Road gray,ATL,Home red 150th season patch
8/27/21,TBR,Road gray,BAL,Home black
8/27/21,CHC,Road gray,CHW,Home white Martyl Reinsdorf MR memorial patch
8/27/21,BOS,Road navy,CLE,Home white
8/27/21,TOR,Road royal,DET,Home white
8/27/21,SDP,Road sand,LAA,Home white
8/27/21,COL,Road black 2021 All Star Game patch,LAD,Home white Tommy Lasorda TOMMY 2 memorial patch Don Sutton SUTTON 20 memorial patch
8/27/21,CIN,Road gray Joe Morgan 8 memorial patch,MIA,Home black
8/27/21,MIL,Road navy Hank Aaron 44 memorial patch,MIN,Home red Mike Bell MB memorial patch
8/27/21,WSN,Road gray,NYM,Home black Tom Seaver 41 memorial patch
8/27/21,NYY,Road gray Whitey Ford 16 memorial patch,OAK,Home white
8/27/21,ARI,Road gray,PHI,Home white Dick Allen 15 memorial patch
8/27/21,STL,Road gray Bob Gibson 45 memorial patch,PIT,Home Negro League
8/27/21,KCR,Road gray,SEA,Home teal
8/27/21,HOU,Road gray,TEX,Home red
8/28/21,SFG,Road gray,ATL,Home white 150th season patch
8/28/21,TBR,Road gray,BAL,Home orange
8/28/21,CHC,Road royal,CHW,Home black Martyl Reinsdorf MR memorial patch
8/28/21,BOS,Road navy,CLE,Home red
8/28/21,TOR,Road powder,DET,Home white
8/28/21,SDP,Road sand,LAA,Home white
8/28/21,COL,Road purple 2021 All Star Game patch,LAD,Home white Tommy Lasorda TOMMY 2 memorial patch Don Sutton SUTTON 20 memorial patch
8/28/21,CIN,Road gray Joe Morgan 8 memorial patch,MIA,Home black
8/28/21,MIL,Road gray Hank Aaron 44 memorial patch,MIN,Home navy Mike Bell MB memorial patch
8/28/21,WSN,Road gray,NYM,Home white Tom Seaver 41 memorial patch
8/28/21,NYY,Road gray Whitey Ford 16 memorial patch,OAK,Home kelly green
8/28/21,ARI,Road gray,PHI,Home white Dick Allen 15 memorial patch
8/28/21,STL,Road powder Bob Gibson 45 memorial patch,PIT,Home white
8/28/21,KCR,Road royal,SEA,Home white
8/28/21,HOU,Road gray,TEX,Home white blue hat
8/29/21,SFG,Road gray,ATL,Home cream
8/29/21,TBR,Road gray,BAL,Home white
8/29/21,CHC,Road royal,CHW,Home throwback Martyl Reinsdorf MR memorial patch
8/29/21,BOS,Road gray,CLE,Home white
8/29/21,TOR,Road royal,DET,Home white
8/29/21,COL,Road purple 2021 All Star Game patch,LAD,Home white Tommy Lasorda TOMMY 2 memorial patch Don Sutton SUTTON 20 memorial patch
8/29/21,CIN,Road red Joe Morgan 8 memorial patch,MIA,Home white
8/29/21,MIL,Road gray Hank Aaron 44 memorial patch,MIN,Home navy Mike Bell MB memorial patch
8/29/21,WSN,Road gray,NYM,Home royal Tom Seaver 41 memorial patch
8/29/21,NYY,Road gray Whitey Ford 16 memorial patch,OAK,Home kelly green
8/29/21,ARI,Road red snake hat,PHI,Home cream Dick Allen 15 memorial patch
8/29/21,STL,Road gray Bob Gibson 45 memorial patch,PIT,Home black
8/29/21,KCR,Road royal,SEA,Home cream
8/29/21,HOU,Road gray,TEX,Home powder
8/30/21,SDP,Road brown,ARI,Home white sand accents
8/30/21,STL,Road gray blue hat Bob Gibson 45 memorial patch,CIN,Home white Joe Morgan 8 memorial patch
8/30/21,MIN,Road gray Mike Bell MB memorial patch,DET,Home white
8/30/21,NYY,Road gray Whitey Ford 16 memorial patch,LAA,Home white
8/30/21,ATL,Road gray 150th season patch,LAD,Home white Tommy Lasorda TOMMY 2 memorial patch Don Sutton SUTTON 20 memorial patch
8/30/21,HOU,Road gray,SEA,Home white
8/30/21,MIL,Road gray Hank Aaron 44 memorial patch,SFG,Home cream
8/30/21,BOS,Road gray,TBR,Home navy
8/30/21,COL,Road purple 2021 All Star Game patch,TEX,Home white blue hat
8/30/21,BAL,Road gray,TOR,Home royal
8/30/21,PHI,Road gray Dick Allen 15 memorial patch,WSN,Home white red hat
8/31/21,SDP,Road brown,ARI,Home white teal accents
8/31/21,PIT,Road gray,CHW,Home black Martyl Reinsdorf MR memorial patch
8/31/21,STL,Postponed - 9/1/21,CIN,Postponed - 9/1/21
8/31/21,OAK,Road kelly green,DET,Home white
8/31/21,CLE,Road navy,KCR,Home white
8/31/21,NYY,Road gray Whitey Ford 16 memorial patch,LAA,Home white
8/31/21,ATL,Road gray 150th season patch,LAD,Home white Tommy Lasorda TOMMY 2 memorial patch Don Sutton SUTTON 20 memorial patch
8/31/21,CHC,Road royal,MIN,Home red Mike Bell MB memorial patch
8/31/21,MIA,Road gray,NYM,Home royal Tom Seaver 41 memorial patch
8/31/21,HOU,Road gray,SEA,Home white
8/31/21,MIL,Road gray Hank Aaron 44 memorial patch,SFG,City Connect
8/31/21,BOS,Road gray,TBR,Home navy
8/31/21,COL,Road black 2021 All Star Game patch,TEX,Home white blue hat
8/31/21,BAL,Road gray,TOR,Home royal
8/31/21,PHI,Road gray Dick Allen 15 memorial patch,WSN,Home white red hat
9/1/21,SDP,Road brown Childhood Cancer Awareness patch,ARI,Home red snake hat Childhood Cancer Awareness patch
9/1/21,PIT,Road gray Childhood Cancer Awareness patch,CHW,Home black Martyl Reinsdorf MR memorial patch Childhood Cancer Awareness patch
9/1/21,STL,Road gray blue hat Bob Gibson 45 memorial patch,CIN,Home white Joe Morgan 8 memorial patch
9/1/21,STL,Road gray blue hat Childhood Cancer Awareness patch Bob Gibson 45 memorial patch,CIN,Home red Joe Morgan 8 memorial patch Childhood Cancer Awareness patch
9/1/21,OAK,Road kelly green Childhood Cancer Awareness patch,DET,Home white Childhood Cancer Awareness patch
9/1/21,CLE,Road navy Childhood Cancer Awareness patch,KCR,Home white Childhood Cancer Awareness patch
9/1/21,NYY,Road gray Childhood Cancer Awareness patch Whitey Ford 16 memorial patch,LAA,Home white Childhood Cancer Awareness patch
9/1/21,ATL,Road navy 150th season patch Childhood Cancer Awareness patch,LAD,Home white Childhood Cancer Awareness patch Tommy Lasorda TOMMY 2 memorial patch Don Sutton SUTTON 20 memorial patch
9/1/21,CHC,Road gray Childhood Cancer Awareness patch,MIN,Home powder Childhood Cancer Awareness patch Mike Bell MB memorial patch
9/1/21,MIA,Postponed - 9/28/21,NYM,Postponed - 9/28/21
9/1/21,HOU,Road orange Childhood Cancer Awareness patch,SEA,Home white Childhood Cancer Awareness patch
9/1/21,MIL,Road gray Childhood Cancer Awareness patch Hank Aaron 44 memorial patch,SFG,Home cream Childhood Cancer Awareness patch
9/1/21,BOS,Road gray Childhood Cancer Awareness patch,TBR,Home navy Childhood Cancer Awareness patch
9/1/21,COL,Road purple 2021 All Star Game patch Childhood Cancer Awareness patch,TEX,Home white blue hat Childhood Cancer Awareness patch
9/1/21,BAL,Road gray Childhood Cancer Awareness patch,TOR,Home white Childhood Cancer Awareness patch
9/1/21,PHI,Postponed - 9/2/21,WSN,Postponed - 9/2/21
9/2/21,PIT,Road black,CHC,Home white
9/2/21,ATL,Road gray 150th season patch,COL,Home black 2021 All Star Game patch
9/2/21,OAK,Road kelly green,DET,Home white
9/2/21,CLE,Road gray,KCR,Home white
9/2/21,MIA,Road gray,NYM,Home white Tom Seaver 41 memorial patch
9/2/21,MIL,Road gray Hank Aaron 44 memorial patch,SFG,Home cream
9/2/21,BOS,Road navy,TBR,Home powder
9/2/21,PHI,Road red Childhood Cancer Awareness patch Dick Allen 15 memorial patch,WSN,Home white red hat Childhood Cancer Awareness patch
9/3/21,SEA,Road teal,ARI,Home throwback
9/3/21,CLE,Road navy,BOS,Home red
9/3/21,PIT,Road gray,CHC,City Connect
9/3/21,DET,Road gray,CIN,Home white Joe Morgan 8 memorial patch
9/3/21,ATL,Road gray 150th season patch,COL,Home purple 2021 All Star Game patch
9/3/21,CHW,Road black Martyl Reinsdorf MR memorial patch,KCR,Home white gold trim
9/3/21,TEX,Road royal,LAA,Home white
9/3/21,PHI,Road gray Dick Allen 15 memorial patch,MIA,Home black Childhood Cancer Awareness patch
9/3/21,STL,Road gray Bob Gibson 45 memorial patch,MIL,Home white Hank Aaron 44 memorial patch
9/3/21,BAL,Road black,NYY,Home white Whitey Ford 16 memorial patch
9/3/21,HOU,Road gray,SDP,Home white
9/3/21,LAD,Road gray Dodgers Tommy Lasorda TOMMY 2 memorial patch Don Sutton SUTTON 20 memorial patch,SFG,Home orange
9/3/21,MIN,Road navy Mike Bell MB memorial patch,TBR,Home white
9/3/21,OAK,Road kelly green,TOR,Home powder
9/3/21,NYM,Road gray Tom Seaver 41 memorial patch,WSN,Home navy
9/4/21,SEA,Road navy,ARI,Home throwback
9/4/21,CLE,Road navy,BOS,Home white
9/4/21,PIT,Road gray,CHC,Home white
9/4/21,DET,Road gray,CIN,Home white Joe Morgan 8 memorial patch
9/4/21,ATL,Road gray 150th season patch,COL,Home black 2021 All Star Game patch
9/4/21,CHW,Road gray Martyl Reinsdorf MR memorial patch,KCR,Home white
9/4/21,TEX,Road gray,LAA,Home white
9/4/21,PHI,Road gray Dick Allen 15 memorial patch,MIA,City Connect
9/4/21,STL,Road powder Bob Gibson 45 memorial patch,MIL,Home white Hank Aaron 44 memorial patch
9/4/21,BAL,Road orange,NYY,Home white Whitey Ford 16 memorial patch
9/4/21,HOU,Road gray,SDP,Home white
9/4/21,LAD,Road gray Dodgers Tommy Lasorda TOMMY 2 memorial patch Don Sutton SUTTON 20 memorial patch,SFG,Home black
9/4/21,MIN,Road gray Mike Bell MB memorial patch,TBR,Home white
9/4/21,OAK,Road kelly green,TOR,Home white
9/4/21,NYM,Road gray Tom Seaver 41 memorial patch,WSN,Home white Curly W
9/4/21,NYM,Road royal Tom Seaver 41 memorial patch,WSN,Home navy
9/5/21,SEA,Road navy,ARI,Home throwback
9/5/21,CLE,Road navy,BOS,Home white
9/5/21,PIT,Road black,CHC,Home white
9/5/21,DET,Road gray,CIN,Home red Joe Morgan 8 memorial patch
9/5/21,ATL,Road gray 150th season patch,COL,Home purple 2021 All Star Game patch
9/5/21,CHW,Road gray Martyl Reinsdorf MR memorial patch,KCR,Home powder
9/5/21,TEX,Road royal,LAA,Home white
9/5/21,PHI,Road gray Dick Allen 15 memorial patch,MIA,City Connect
9/5/21,STL,Road gray Bob Gibson 45 memorial patch,MIL,Home white Hank Aaron 44 memorial patch
9/5/21,BAL,Road gray,NYY,Home white Whitey Ford 16 memorial patch
9/5/21,HOU,Road orange,SDP,Home camo green
9/5/21,LAD,Road city connect Tommy Lasorda TOMMY 2 memorial patch Don Sutton SUTTON 20 memorial patch,SFG,Home cream
9/5/21,MIN,Road navy Mike Bell MB memorial patch,TBR,Home powder throwback hat
9/5/21,OAK,Road kelly green,TOR,Home royal
9/5/21,NYM,Road royal Tom Seaver 41 memorial patch,WSN,Home white Curly W
9/6/21,KCR,Road royal,BAL,Home white
9/6/21,TBR,Road navy,BOS,Home red
9/6/21,CIN,Road red Joe Morgan 8 memorial patch,CHC,Home white
9/6/21,MIN,Road gray Mike Bell MB memorial patch,CLE,Home red
9/6/21,SFG,Road gray,COL,Home purple 2021 All Star Game patch
9/6/21,SEA,Road navy,HOU,Home white
9/6/21,TEX,Road gray,LAA,Home white
9/6/21,PHI,Road gray Dick Allen 15 memorial patch,MIL,Home cream Hank Aaron 44 memorial patch
9/6/21,TOR,Road royal,NYY,Home white Whitey Ford 16 memorial patch
9/6/21,DET,Road gray,PIT,Home black
9/6/21,LAD,Road gray Dodgers Tommy Lasorda TOMMY 2 memorial patch Don Sutton SUTTON 20 memorial patch,STL,Home white Bob Gibson 45 memorial patch
9/6/21,NYM,Road royal Tom Seaver 41 memorial patch,WSN,Home white Curly W
9/7/21,TEX,Road royal,ARI,Home white teal accents
9/7/21,WSN,Road navy,ATL,Home white 150th season patch
9/7/21,KCR,Road gray,BAL,Home white
9/7/21,TBR,Road navy,BOS,Home red
9/7/21,CIN,Road gray Joe Morgan 8 memorial patch,CHC,Home white
9/7/21,MIN,Road navy Mike Bell MB memorial patch,CLE,Home white
9/7/21,SFG,Road gray,COL,Home white 2021 All Star Game patch
9/7/21,SEA,Road navy,HOU,Home white
9/7/21,NYM,Road gray Tom Seaver 41 memorial patch,MIA,Home white
9/7/21,PHI,Road gray Dick Allen 15 memorial patch,MIL,Home cream Hank Aaron 44 memorial patch
9/7/21,TOR,Road royal,NYY,Home white Whitey Ford 16 memorial patch
9/7/21,CHW,Road gray Martyl Reinsdorf MR memorial patch,OAK,Home white
9/7/21,DET,Road gray,PIT,Home black
9/7/21,LAA,Road gray,SDP,Home white
9/7/21,LAD,Road gray Dodgers Tommy Lasorda TOMMY 2 memorial patch Don Sutton SUTTON 20 memorial patch,STL,Home white Bob Gibson 45 memorial patch
9/8/21,TEX,Road gray,ARI,Home black
9/8/21,WSN,Road navy,ATL,Home white 150th season patch
9/8/21,KCR,Road gray,BAL,Home white
9/8/21,TBR,Road navy,BOS,Home white
9/8/21,CIN,Road gray Joe Morgan 8 memorial patch,CHC,Home white
9/8/21,MIN,Road navy Mike Bell MB memorial patch,CLE,Home white
9/8/21,SFG,Road gray,COL,Home white 2021 All Star Game patch
9/8/21,SEA,Road teal,HOU,Home white
9/8/21,NYM,Road gray Tom Seaver 41 memorial patch,MIA,Home white
9/8/21,PHI,Road red Dick Allen 15 memorial patch,MIL,Home cream Hank Aaron 44 memorial patch
9/8/21,TOR,Road royal,NYY,Home white Whitey Ford 16 memorial patch
9/8/21,CHW,Road gray Martyl Reinsdorf MR memorial patch,OAK,Home kelly green
9/8/21,DET,Road gray,PIT,Home white Military Appreciation
9/8/21,LAA,Road gray,SDP,Home white
9/8/21,LAD,Road gray Dodgers Tommy Lasorda TOMMY 2 memorial patch Don Sutton SUTTON 20 memorial patch,STL,Home white Bob Gibson 45 memorial patch
9/9/21,WSN,Road navy,ATL,Home white 150th season patch
9/9/21,KCR,Road gray,BAL,Home white
9/9/21,MIN,Road navy Mike Bell MB memorial patch,CLE,Home red
9/9/21,NYM,Road gray Tom Seaver 41 memorial patch,MIA,Home white
9/9/21,TOR,Road royal,NYY,Home white Whitey Ford 16 memorial patch
9/9/21,CHW,Road gray Martyl Reinsdorf MR memorial patch,OAK,Home kelly green
9/9/21,COL,Road purple 2021 All Star Game patch,PHI,Home throwback Dick Allen 15 memorial patch
9/9/21,LAD,Road gray Dodgers Tommy Lasorda TOMMY 2 memorial patch Don Sutton SUTTON 20 memorial patch,STL,Home white Bob Gibson 45 memorial patch
9/10/21,MIA,Road black,ATL,Home red Los Bravos 150th season patch
9/10/21,TOR,Road royal,BAL,Home black
9/10/21,SFG,Road gray,CHC,City Connect
9/10/21,BOS,Road gray,CHW,Home black Martyl Reinsdorf MR memorial patch
9/10/21,MIL,Road navy Hank Aaron 44 memorial patch,CLE,Home red
9/10/21,TBR,Road gray,DET,Home white
9/10/21,LAA,Road gray,HOU,Home orange
9/10/21,SDP,Road sand,LAD,Home white Tommy Lasorda TOMMY 2 memorial patch Don Sutton SUTTON 20 memorial patch
9/10/21,KCR,Road gray,MIN,Home red Mike Bell MB memorial patch
9/10/21,NYY,Road gray Whitey Ford 16 memorial patch,NYM,Home black Tom Seaver 41 memorial patch
9/10/21,TEX,Road gray,OAK,Home kelly green
9/10/21,COL,Road purple 2021 All Star Game patch,PHI,Home white Childhood Cancer Awareness patch Dick Allen 15 memorial patch
9/10/21,WSN,Road gray,PIT,Home white
9/10/21,ARI,Road gray,SEA,Home teal
9/10/21,CIN,Road gray Joe Morgan 8 memorial patch,STL,Home white Bob Gibson 45 memorial patch
9/11/21,MIA,Road black,ATL,Home white 150th season patch
9/11/21,TOR,Road royal,BAL,Home orange
9/11/21,TOR,Road gray,BAL,Home orange
9/11/21,SFG,Road gray,CHC,Home white
9/11/21,BOS,Road gray,CHW,Home black Martyl Reinsdorf MR memorial patch
9/11/21,MIL,Road navy Hank Aaron 44 memorial patch,CLE,Home white
9/11/21,TBR,Road navy,DET,Home white
9/11/21,LAA,Road red,HOU,Home white
9/11/21,SDP,Road brown,LAD,Home white Tommy Lasorda TOMMY 2 memorial patch Don Sutton SUTTON 20 memorial patch
9/11/21,KCR,Road gray,MIN,Home white Mike Bell MB memorial patch
9/11/21,NYY,Road gray September 11th Remembrance Day Whitey Ford 16 memorial patch,NYM,Home white September 11th Remembrance Day
9/11/21,TEX,Road gray,OAK,Home white
9/11/21,COL,Road black 2021 All Star Game patch,PHI,Home white Dick Allen 15 memorial patch
9/11/21,WSN,Road gray,PIT,Home white
9/11/21,ARI,Road gray,SEA,Home white
9/11/21,CIN,Road gray Joe Morgan 8 memorial patch,STL,Home cream Bob Gibson 45 memorial patch
9/12/21,MIA,Road gray,ATL,Home cream
9/12/21,TOR,Road royal,BAL,Home white
9/12/21,SFG,Road gray,CHC,Home white
9/12/21,BOS,Road navy,CHW,Home throwback Martyl Reinsdorf MR memorial patch
9/12/21,MIL,Road navy Hank Aaron 44 memorial patch,CLE,Home white
9/12/21,TBR,Road navy,DET,Home white
9/12/21,LAA,Road red,HOU,Home navy
9/12/21,SDP,Road sand,LAD,Home white Tommy Lasorda TOMMY 2 memorial patch Don Sutton SUTTON 20 memorial patch
9/12/21,KCR,Road gray,MIN,Home powder Mike Bell MB memorial patch
9/12/21,NYY,Road gray Whitey Ford 16 memorial patch,NYM,Home white Tom Seaver 41 memorial patch
9/12/21,TEX,Road gray,OAK,Home kelly green
9/12/21,COL,Road gray 2021 All Star Game patch,PHI,Home cream Dick Allen 15 memorial patch
9/12/21,WSN,Road gray,PIT,Home white
9/12/21,ARI,Road red snake hat,SEA,Home cream
9/12/21,CIN,Road red Joe Morgan 8 memorial patch,STL,Home white Sunday hat Bob Gibson 45 memorial patch
9/13/21,ARI,Road gray,LAD,Home white Tommy Lasorda TOMMY 2 memorial patch Don Sutton SUTTON 20 memorial patch
9/13/21,STL,Road gray Bob Gibson 45 memorial patch,NYM,Home white Tom Seaver 41 memorial patch
9/13/21,MIN,Road navy Mike Bell MB memorial patch,NYY,Home white Whitey Ford 16 memorial patch
9/13/21,BOS,Road gray,SEA,Home white
9/13/21,SDP,Road brown,SFG,Home cream
9/13/21,HOU,Road gray,TEX,Home white blue hat
9/13/21,TBR,Road navy,TOR,Home royal
9/13/21,MIA,Road gray,WSN,Home white red hat
9/14/21,COL,Road purple 2021 All Star Game patch,ATL,Home white 150th season patch
9/14/21,NYY,Road gray Whitey Ford 16 memorial patch,BAL,Home white
9/14/21,LAA,Road red,CHW,Home black Martyl Reinsdorf MR memorial patch
9/14/21,MIL,Road navy Hank Aaron 44 memorial patch,DET,Home white
9/14/21,OAK,Road kelly green,KCR,Home white
9/14/21,ARI,Road gray,LAD,Home white Tommy Lasorda TOMMY 2 memorial patch Don Sutton SUTTON 20 memorial patch
9/14/21,CLE,Road navy,MIN,Home white Mike Bell MB memorial patch
9/14/21,CLE,Road gray,MIN,Home red Mike Bell MB memorial patch
9/14/21,STL,Road gray Bob Gibson 45 memorial patch,NYM,Home white Tom Seaver 41 memorial patch
9/14/21,CHC,Road gray,PHI,Home white Dick Allen 15 memorial patch
9/14/21,CIN,Road gray Joe Morgan 8 memorial patch,PIT,Home black
9/14/21,BOS,Road navy,SEA,Home white
9/14/21,SDP,Road sand,SFG,City Connect
9/14/21,HOU,Road gray,TEX,Home white blue hat
9/14/21,TBR,Road navy,TOR,Home royal
9/14/21,MIA,Road gray,WSN,Home white red hat
9/15/21,COL,Road purple 2021 All Star Game patch Roberto Clemente Day patch,ATL,Home white 150th season patch Roberto Clemente Day patch
9/15/21,NYY,Road gray Roberto Clemente Day patch Whitey Ford 16 memorial patch,BAL,Home white
9/15/21,LAA,Road gray Roberto Clemente Day patch,CHW,Home black Martyl Reinsdorf MR memorial patch Roberto Clemente Day patch
9/15/21,MIL,Road gray Hank Aaron 44 memorial patch,DET,Home white Roberto Clemente Day patch
9/15/21,OAK,Road gray Roberto Clemente Day patch,KCR,Home white Roberto Clemente Day patch
9/15/21,ARI,Road red snake hat Roberto Clemente Day patch,LAD,Home white Roberto Clemente Day patch Tommy Lasorda TOMMY 2 memorial patch Don Sutton SUTTON 20 memorial patch
9/15/21,CLE,Road gray Roberto Clemente Day patch,MIN,Home powder Mike Bell MB memorial patch
9/15/21,STL,Road gray Roberto Clemente Day patch Bob Gibson 45 memorial patch,NYM,Home white Roberto Clemente Day patch Tom Seaver 41 memorial patch
9/15/21,CHC,Road gray Roberto Clemente Day patch,PHI,Home white Roberto Clemente Day patch Dick Allen 15 memorial patch
9/15/21,CIN,Road gray Joe Morgan 8 memorial patch Roberto Clemente Day patch,PIT,Home white Roberto Clemente Day
9/15/21,BOS,Road gray Roberto Clemente Day patch,SEA,Home white Roberto Clemente Day patch
9/15/21,SDP,Road sand Roberto Clemente Day patch,SFG,Home cream Roberto Clemente Day patch
9/15/21,HOU,Road gray Roberto Clemente Day patch,TEX,Home white blue hat Roberto Clemente Day patch
9/15/21,TBR,Road gray Roberto Clemente Day patch,TOR,Home royal Roberto Clemente Day patch
9/15/21,MIA,Road gray Roberto Clemente Day patch,WSN,Home white red hat Roberto Clemente Day patch
9/16/21,COL,Postponed - Not rescheduled,ATL,Postponed - Not rescheduled
9/16/21,NYY,Road gray Whitey Ford 16 memorial patch,BAL,Home white
9/16/21,LAA,Road gray,CHW,Home white Martyl Reinsdorf MR memorial patch
9/16/21,OAK,Road gray,KCR,Home powder
9/16/21,CHC,Road royal,PHI,Home throwback Dick Allen 15 memorial patch
9/16/21,CIN,Road red Joe Morgan 8 memorial patch,PIT,Home black
9/16/21,SDP,Road sand,SFG,Home cream
9/16/21,DET,Road gray,TBR,Home navy
9/16/21,HOU,Road gray,TEX,Home white red hat
9/17/21,BAL,Road black,BOS,City Connect
9/17/21,LAD,Road gray Los Angeles Tommy Lasorda TOMMY 2 memorial patch Don Sutton SUTTON 20 memorial patch,CIN,Home white Military Appreciation
9/17/21,ARI,Road gray,HOU,Home orange
9/17/21,SEA,Road gray,KCR,Home white Hispanic Heritage
9/17/21,OAK,Road gray,LAA,Home white
9/17/21,PIT,Road gray,MIA,Home black
9/17/21,CHC,Road royal,MIL,Home white Hank Aaron 44 memorial patch
9/17/21,PHI,Road gray Dick Allen 15 memorial patch,NYM,Home black Tom Seaver 41 memorial patch
9/17/21,CLE,Road navy,NYY,Home white Whitey Ford 16 memorial patch
9/17/21,ATL,Road navy 150th season patch,SFG,Home orange
9/17/21,SDP,Road sand,STL,Home white Bob Gibson 45 memorial patch
9/17/21,DET,Road gray,TBR,Home navy
9/17/21,CHW,Road gray Martyl Reinsdorf MR memorial patch,TEX,Home red
9/17/21,MIN,Road gray Mike Bell MB memorial patch,TOR,Home royal
9/17/21,COL,Road gray 2021 All Star Game patch,WSN,Home navy
9/18/21,BAL,Road orange,BOS,City Connect
9/18/21,LAD,Road gray Los Angeles Tommy Lasorda TOMMY 2 memorial patch Don Sutton SUTTON 20 memorial patch,CIN,Home red Joe Morgan 8 memorial patch
9/18/21,ARI,Road gray,HOU,Home white Hispanic Heritage
9/18/21,SEA,Road navy,KCR,Home white
9/18/21,OAK,Road gray,LAA,Home white
9/18/21,PIT,Road gray,MIA,Home black
9/18/21,CHC,Road gray,MIL,Home white Hank Aaron 44 memorial patch
9/18/21,PHI,Road gray Dick Allen 15 memorial patch,NYM,Home white Tom Seaver 41 memorial patch
9/18/21,CLE,Road navy,NYY,Home white Whitey Ford 16 memorial patch
9/18/21,ATL,Road gray 150th season patch,SFG,Home black Hispanic Heritage
9/18/21,SDP,Road brown,STL,Home cream Bob Gibson 45 memorial patch
9/18/21,DET,Road gray,TBR,Home navy
9/18/21,CHW,Road black Martyl Reinsdorf MR memorial patch,TEX,Home white blue hat
9/18/21,MIN,Road gray Mike Bell MB memorial patch,TOR,Home white
9/18/21,COL,Road black 2021 All Star Game patch,WSN,Home white Curly W
9/19/21,BAL,Road gray,BOS,City Connect
9/19/21,LAD,Road gray Los Angeles Tommy Lasorda TOMMY 2 memorial patch Don Sutton SUTTON 20 memorial patch,CIN,Home red Joe Morgan 8 memorial patch
9/19/21,ARI,Road red snake hat,HOU,Home white Hispanic Heritage
9/19/21,SEA,Road teal,KCR,Home powder
9/19/21,OAK,Road gray,LAA,Home white
9/19/21,PIT,Road black,MIA,Home white
9/19/21,CHC,Road gray,MIL,Home white Hank Aaron 44 memorial patch
9/19/21,PHI,Road red Dick Allen 15 memorial patch,NYM,Home white Tom Seaver 41 memorial patch
9/19/21,CLE,Road navy,NYY,Home white Whitey Ford 16 memorial patch
9/19/21,ATL,Road navy 150th season patch,SFG,Home cream
9/19/21,SDP,Road sand,STL,Home white Sunday hat Bob Gibson 45 memorial patch
9/19/21,DET,Road gray,TBR,Home powder throwback hat
9/19/21,CHW,Road black Martyl Reinsdorf MR memorial patch,TEX,Home powder
9/19/21,MIN,Road gray Mike Bell MB memorial patch,TOR,Home white
9/19/21,COL,Road gray 2021 All Star Game patch,WSN,Home white Curly W
9/20/21,ATL,Road gray 150th season patch,ARI,Home white sand accents
9/20/21,PIT,Road black,CIN,Home white Joe Morgan 8 memorial patch
9/20/21,KCR,Road royal,CLE,Home white
9/20/21,KCR,Road gray,CLE,Home red
9/20/21,CHW,Road gray Martyl Reinsdorf MR memorial patch,DET,Home white
9/20/21,HOU,Road gray,LAA,Home red
9/20/21,WSN,Road navy,MIA,Home white
9/20/21,STL,Road gray Bob Gibson 45 memorial patch,MIL,Home cream Hank Aaron 44 memorial patch
9/20/21,TEX,Road gray,NYY,Home white Whitey Ford 16 memorial patch
9/20/21,SEA,Road teal,OAK,Home white
9/20/21,BAL,Road gray,PHI,Home white Dick Allen 15 memorial patch
9/20/21,TOR,Road royal,TBR,Home white
9/21/21,ATL,Road gray 150th season patch,ARI,Home white teal accents
9/21/21,NYM,Road gray Tom Seaver 41 memorial patch,BOS,City Connect
9/21/21,MIN,Road gray Mike Bell MB memorial patch,CHC,Home white
9/21/21,PIT,Road black,CIN,Home white Joe Morgan 8 memorial patch
9/21/21,KCR,Road gray,CLE,Home red
9/21/21,LAD,Road gray Los Angeles Tommy Lasorda TOMMY 2 memorial patch Don Sutton SUTTON 20 memorial patch,COL,Home purple 2021 All Star Game patch
9/21/21,CHW,Road gray Martyl Reinsdorf MR memorial patch,DET,Home white
9/21/21,HOU,Road gray,LAA,Home white
9/21/21,WSN,Road navy,MIA,Home white
9/21/21,STL,Road gray Bob Gibson 45 memorial patch,MIL,Home cream Hank Aaron 44 memorial patch
9/21/21,TEX,Road royal,NYY,Home white Whitey Ford 16 memorial patch
9/21/21,SEA,Road navy,OAK,Home kelly green
9/21/21,BAL,Road gray,PHI,Home white Dick Allen 15 memorial patch
9/21/21,SFG,Road gray,SDP,Home white
9/21/21,TOR,Road royal,TBR,Home white
9/22/21,ATL,Road gray 150th season patch,ARI,Home black
9/22/21,NYM,Road royal Tom Seaver 41 memorial patch,BOS,City Connect
9/22/21,MIN,Road navy Mike Bell MB memorial patch,CHC,Home white
9/22/21,PIT,Postponed - 9/27/21,CIN,Postponed - 9/27/21
9/22/21,KCR,Postponed - 9/27/21,CLE,Postponed - 9/27/21
9/22/21,LAD,Road gray Los Angeles Tommy Lasorda TOMMY 2 memorial patch Don Sutton SUTTON 20 memorial patch,COL,Home purple 2021 All Star Game patch
9/22/21,CHW,Postponed - 9/27/21,DET,Postponed - 9/27/21
9/22/21,HOU,Road gray,LAA,Home red
9/22/21,WSN,Road navy,MIA,Home white
9/22/21,STL,Road gray Bob Gibson 45 memorial patch,MIL,Home cream Hank Aaron 44 memorial patch
9/22/21,TEX,Road royal,NYY,Home white Whitey Ford 16 memorial patch
9/22/21,SEA,Road navy,OAK,Home green
9/22/21,BAL,Road gray,PHI,Home white Dick Allen 15 memorial patch
9/22/21,SFG,Road gray,SDP,Home white
9/22/21,TOR,Road powder,TBR,Home navy
9/23/21,ATL,Road gray 150th season patch,ARI,Home white sand accents
9/23/21,TEX,Road royal,BAL,Home white
9/23/21,WSN,Road navy,CIN,Home white Joe Morgan 8 memorial patch
9/23/21,CHW,Road black Martyl Reinsdorf MR memorial patch,CLE,Home white
9/23/21,CHW,Road gray Martyl Reinsdorf MR memorial patch,CLE,Home white
9/23/21,LAD,Road gray Los Angeles Tommy Lasorda TOMMY 2 memorial patch Don Sutton SUTTON 20 memorial patch,COL,Home purple 2021 All Star Game patch
9/23/21,HOU,Road gray,LAA,Home white
9/23/21,STL,Road gray Bob Gibson 45 memorial patch,MIL,Home cream Hank Aaron 44 memorial patch
9/23/21,TOR,Road gray,MIN,Home white Mike Bell MB memorial patch
9/23/21,SEA,Road navy,OAK,Home kelly green
9/23/21,PIT,Road black,PHI,Home throwback Dick Allen 15 memorial patch
9/23/21,SFG,Road gray,SDP,Home white
9/24/21,LAD,Road gray Los Angeles Tommy Lasorda TOMMY 2 memorial patch Don Sutton SUTTON 20 memorial patch,ARI,City Connect
9/24/21,TEX,Road gray,BAL,Home black
9/24/21,NYY,Road gray Whitey Ford 16 memorial patch,BOS,City Connect
9/24/21,STL,Road gray Bob Gibson 45 memorial patch,CHC,City Connect
9/24/21,STL,Road gray Bob Gibson 45 memorial patch,CHC,Home white
9/24/21,WSN,Road navy,CIN,Home red Hispanic Heritage
9/24/21,CHW,Road gray Martyl Reinsdorf MR memorial patch,CLE,Home red
9/24/21,SFG,Road gray,COL,Home purple 2021 All Star Game patch
9/24/21,KCR,Road gray,DET,Home white
9/24/21,SEA,Road navy,LAA,Home white
9/24/21,NYM,Road gray Tom Seaver 41 memorial patch,MIL,Home white Hank Aaron 44 memorial patch
9/24/21,TOR,Road royal,MIN,Home navy Mike Bell MB memorial patch
9/24/21,HOU,Road gray,OAK,Home white
9/24/21,PIT,Road gray,PHI,Home white Dick Allen 15 memorial patch
9/24/21,ATL,Road navy 150th season patch,SDP,Home white
9/24/21,MIA,Road gray,TBR,Home navy
9/25/21,LAD,Road gray Los Angeles Tommy Lasorda TOMMY 2 memorial patch Don Sutton SUTTON 20 memorial patch,ARI,City Connect
9/25/21,TEX,Road gray,BAL,Home orange
9/25/21,NYY,Road gray Whitey Ford 16 memorial patch,BOS,Home red
9/25/21,STL,Road powder Bob Gibson 45 memorial patch,CHC,Home white
9/25/21,WSN,Road navy,CIN,Home red Joe Morgan 8 memorial patch
9/25/21,CHW,Road black Martyl Reinsdorf MR memorial patch,CLE,Home white
9/25/21,SFG,Road gray,COL,Home black 2021 All Star Game patch
9/25/21,KCR,Road gray,DET,Home white
9/25/21,SEA,Road teal,LAA,Home red
9/25/21,NYM,Road gray Tom Seaver 41 memorial patch,MIL,Home white Hank Aaron 44 memorial patch
9/25/21,TOR,Road royal,MIN,Home powder Mike Bell MB memorial patch
9/25/21,HOU,Road orange,OAK,Home green
9/25/21,PIT,Road gray,PHI,Home cream Dick Allen 15 memorial patch
9/25/21,ATL,Road navy 150th season patch,SDP,Home white
9/25/21,MIA,Road gray,TBR,Home navy
9/26/21,LAD,Road gray Los Angeles Tommy Lasorda TOMMY 2 memorial patch Don Sutton SUTTON 20 memorial patch,ARI,City Connect
9/26/21,TEX,Road gray,BAL,Home white
9/26/21,NYY,Road gray Whitey Ford 16 memorial patch,BOS,Home white
9/26/21,STL,Road gray Bob Gibson 45 memorial patch,CHC,Home white
9/26/21,WSN,Road gray,CIN,Home red Joe Morgan 8 memorial patch
9/26/21,CHW,Road black Martyl Reinsdorf MR memorial patch,CLE,Home white
9/26/21,SFG,Road gray,COL,Home purple 2021 All Star Game patch
9/26/21,KCR,Road royal,DET,Home white
9/26/21,SEA,Road navy,LAA,Home white
9/26/21,NYM,Road royal Tom Seaver 41 memorial patch,MIL,Home white Hank Aaron 44 memorial patch
9/26/21,TOR,Road royal,MIN,Home white Mike Bell MB memorial patch
9/26/21,HOU,Road orange,OAK,Home white
9/26/21,PIT,Road black,PHI,Home cream Dick Allen 15 memorial patch
9/26/21,ATL,Road gray 150th season patch,SDP,Home camo brown
9/26/21,MIA,Road gray,TBR,Home powder throwback hat
9/27/21,PIT,Road black,CIN,Home white Joe Morgan 8 memorial patch
9/27/21,KCR,Road gray,CLE,Home red
9/27/21,WSN,Road gray,COL,Home white 2021 All Star Game patch
9/27/21,CHW,Road black Martyl Reinsdorf MR memorial patch,DET,Home white
9/27/21,OAK,Road gray,SEA,Home white
9/28/21,PHI,Road gray Dick Allen 15 memorial patch,ATL,Home white 150th season patch
9/28/21,BOS,Road navy,BAL,Home white
9/28/21,CIN,Road gray Joe Morgan 8 memorial patch,CHW,Home black Martyl Reinsdorf MR memorial patch
9/28/21,WSN,Road gray,COL,Home purple 2021 All Star Game patch
9/28/21,TBR,Road navy,HOU,Home white
9/28/21,CLE,Road navy,KCR,Home white
9/28/21,SDP,Road brown,LAD,Home city connect Tommy Lasorda TOMMY 2 memorial patch Don Sutton SUTTON 20 memorial patch
9/28/21,DET,Road gray,MIN,Home navy Mike Bell MB memorial patch
9/28/21,MIA,Road black,NYM,Home white Tom Seaver 41 memorial patch
9/28/21,MIA,Road gray,NYM,Home royal Tom Seaver 41 memorial patch
9/28/21,CHC,Road royal,PIT,Home black
9/28/21,OAK,Road gray,SEA,Home white
9/28/21,ARI,Road gray,SFG,City Connect
9/28/21,MIL,Road navy Hank Aaron 44 memorial patch,STL,Home white Bob Gibson 45 memorial patch
9/28/21,LAA,Road gray,TEX,Home white red hat
9/28/21,NYY,Road gray Whitey Ford 16 memorial patch,TOR,Home white
9/29/21,PHI,Road gray Dick Allen 15 memorial patch,ATL,Home white 150th season patch
9/29/21,BOS,Road navy,BAL,Home white
9/29/21,CIN,Road red Joe Morgan 8 memorial patch,CHW,Home black Martyl Reinsdorf MR memorial patch
9/29/21,WSN,Road gray,COL,Home white 2021 All Star Game patch
9/29/21,TBR,Road navy,HOU,Home white
9/29/21,CLE,Road gray,KCR,Home white
9/29/21,SDP,Road brown,LAD,Home white Tommy Lasorda TOMMY 2 memorial patch Don Sutton SUTTON 20 memorial patch
9/29/21,DET,Road gray,MIN,Home navy Mike Bell MB memorial patch
9/29/21,MIA,Road gray,NYM,Home white Tom Seaver 41 memorial patch
9/29/21,CHC,Road royal,PIT,Home white Military Appreciation
9/29/21,OAK,Road kelly green,SEA,Home white
9/29/21,ARI,Road red snake hat,SFG,Home cream
9/29/21,MIL,Road gray Hank Aaron 44 memorial patch,STL,Home white Bob Gibson 45 memorial patch
9/29/21,LAA,Road red,TEX,Home white blue hat
9/29/21,NYY,Road gray Whitey Ford 16 memorial patch,TOR,Home powder
9/30/21,PHI,Road red Dick Allen 15 memorial patch,ATL,Home white 150th season patch
9/30/21,BOS,Road navy,BAL,Home white
9/30/21,TBR,Road navy,HOU,Home white
9/30/21,CLE,Road navy,KCR,Home white
9/30/21,SDP,Road brown,LAD,Home white Tommy Lasorda TOMMY 2 memorial patch Don Sutton SUTTON 20 memorial patch
9/30/21,DET,Road gray,MIN,Home navy Mike Bell MB memorial patch
9/30/21,MIA,Road gray,NYM,Home royal Tom Seaver 41 memorial patch
9/30/21,CHC,Road royal,PIT,Home black
9/30/21,ARI,Road gray,SFG,Home cream
9/30/21,MIL,Road gray Hank Aaron 44 memorial patch,STL,Home white Bob Gibson 45 memorial patch
9/30/21,LAA,Road gray,TEX,Home white red hat
9/30/21,NYY,Road gray Whitey Ford 16 memorial patch,TOR,Home royal
10/1/21,COL,Road purple 2021 All Star Game patch,ARI,Home white teal accents
10/1/21,NYM,Road gray Tom Seaver 41 memorial patch,ATL,Home red 150th season patch
10/1/21,DET,Road gray,CHW,Home black Martyl Reinsdorf MR memorial patch
10/1/21,OAK,Road gray,HOU,Home orange
10/1/21,MIN,Road navy Mike Bell MB memorial patch,KCR,Home white gold trim
10/1/21,MIL,Road navy Hank Aaron 44 memorial patch,LAD,Home white Tommy Lasorda TOMMY 2 memorial patch Don Sutton SUTTON 20 memorial patch
10/1/21,PHI,Road gray Dick Allen 15 memorial patch,MIA,City Connect
10/1/21,TBR,Road gray,NYY,Home white Whitey Ford 16 memorial patch
10/1/21,CIN,Road gray Joe Morgan 8 memorial patch,PIT,Home white
10/1/21,LAA,Road red,SEA,Home teal
10/1/21,SDP,Road sand,SFG,Home orange
10/1/21,CHC,Road royal,STL,Home white Bob Gibson 45 memorial patch
10/1/21,CLE,Road navy,TEX,Home red
10/1/21,BAL,Road gray,TOR,Home white
10/1/21,BOS,Road gray,WSN,Home navy
10/2/21,COL,Road gray 2021 All Star Game patch,ARI,Home black
10/2/21,NYM,Road royal Tom Seaver 41 memorial patch,ATL,Home white 150th season patch
10/2/21,DET,Road gray,CHW,Home black Martyl Reinsdorf MR memorial patch
10/2/21,OAK,Road gray,HOU,Home white
10/2/21,MIN,Road gray Mike Bell MB memorial patch,KCR,Home white
10/2/21,MIL,Road gray Hank Aaron 44 memorial patch,LAD,Home white Tommy Lasorda TOMMY 2 memorial patch Don Sutton SUTTON 20 memorial patch
10/2/21,PHI,Road gray Dick Allen 15 memorial patch,MIA,City Connect
10/2/21,TBR,Road gray,NYY,Home white Whitey Ford 16 memorial patch
10/2/21,CIN,Road gray Joe Morgan 8 memorial patch,PIT,Home white
10/2/21,LAA,Road red,SEA,Home navy
10/2/21,SDP,Road sand,SFG,Home cream
10/2/21,CHC,Road royal,STL,Home cream Bob Gibson 45 memorial patch
10/2/21,CLE,Road gray,TEX,Home white red hat
10/2/21,BAL,Road gray,TOR,Home royal
10/2/21,BOS,Road gray,WSN,Home red
10/3/21,COL,Road black 2021 All Star Game patch,ARI,Home red snake hat Childhood Cancer Awareness patch
10/3/21,NYM,Road gray Tom Seaver 41 memorial patch,ATL,Home cream
10/3/21,DET,Road gray,CHW,Home throwback Martyl Reinsdorf MR memorial patch
10/3/21,OAK,Road gray,HOU,Home navy
10/3/21,MIN,Road gray Mike Bell MB memorial patch,KCR,Home powder
10/3/21,MIL,Road gray Hank Aaron 44 memorial patch,LAD,Home white Tommy Lasorda TOMMY 2 memorial patch Don Sutton SUTTON 20 memorial patch
10/3/21,PHI,Road red Dick Allen 15 memorial patch,MIA,Home white
10/3/21,TBR,Road gray,NYY,Home white Whitey Ford 16 memorial patch
10/3/21,CIN,Road gray Joe Morgan 8 memorial patch,PIT,Home white
10/3/21,LAA,Road red,SEA,Home cream
10/3/21,SDP,Road sand,SFG,Home cream
10/3/21,CHC,Road royal,STL,Home white Sunday hat Bob Gibson 45 memorial patch
10/3/21,CLE,Road navy,TEX,Home powder
10/3/21,BAL,Road gray,TOR,Home powder
10/3/21,BOS,Road gray,WSN,Home white Curly W